Code,Borough_Name,quarterly_month,Unemployment.rate.aged.16...64,Unemployment.rate.aged.16,Unemployment.rate.ethnic.minority,Ethnic.minority.aged.16.64.who.are.economically.inactive,Year,Month,Q_Month
E09000002,BARKING AND DAGENHAM,Jan-Mar ,14.4,14.1,12.9,28.3,2012,1,Q1
E09000002,BARKING AND DAGENHAM,Apr-Jun ,13.8,13.7,12.7,26.8,2012,4,Q2
E09000002,BARKING AND DAGENHAM,Jul-Sep ,15,15,12.7,24.7,2012,7,Q3
E09000002,BARKING AND DAGENHAM,Oct-Dec ,15.7,15.7,15.2,21.1,2012,10,Q4
E09000002,BARKING AND DAGENHAM,Jan-Mar ,14.1,14,15.3,21.4,2013,1,Q1
E09000002,BARKING AND DAGENHAM,Apr-Jun ,13.4,13.2,13.7,25.1,2013,4,Q2
E09000002,BARKING AND DAGENHAM,Jul-Sep ,12.2,12.1,13.2,25.5,2013,7,Q3
E09000002,BARKING AND DAGENHAM,Oct-Dec ,10.1,10,11.5,25.6,2013,10,Q4
E09000002,BARKING AND DAGENHAM,Jan-Mar ,11.5,11.4,14.4,25.7,2014,1,Q1
E09000002,BARKING AND DAGENHAM,Apr-Jun ,11.8,11.9,15.5,25.7,2014,4,Q2
E09000002,BARKING AND DAGENHAM,Jul-Sep ,11.3,11.5,15.5,26.4,2014,7,Q3
E09000002,BARKING AND DAGENHAM,Oct-Dec ,12.9,13,17.1,27,2014,10,Q4
E09000002,BARKING AND DAGENHAM,Jan-Mar ,10.8,10.9,14.4,27.4,2015,1,Q1
E09000002,BARKING AND DAGENHAM,Apr-Jun ,9.7,9.6,13.4,26,2015,4,Q2
E09000002,BARKING AND DAGENHAM,Jul-Sep ,10.4,10.2,13.1,25.2,2015,7,Q3
E09000002,BARKING AND DAGENHAM,Oct-Dec ,8.1,8.1,9,26.9,2015,10,Q4
E09000002,BARKING AND DAGENHAM,Jan-Mar ,7.4,7.4,6.5,27.3,2016,1,Q1
E09000002,BARKING AND DAGENHAM,Apr-Jun ,9.2,9.2,7.4,28,2016,4,Q2
E09000002,BARKING AND DAGENHAM,Jul-Sep ,9.6,9.6,5.9,28.2,2016,7,Q3
E09000002,BARKING AND DAGENHAM,Oct-Dec ,9.3,9.1,7.5,27.3,2016,10,Q4
E09000002,BARKING AND DAGENHAM,Jan-Mar ,9.5,9.5,9.2,26.9,2017,1,Q1
E09000002,BARKING AND DAGENHAM,Apr-Jun ,8.2,8.3,8.4,26.9,2017,4,Q2
E09000002,BARKING AND DAGENHAM,Jul-Sep ,6.8,6.9,8.1,25.8,2017,7,Q3
E09000002,BARKING AND DAGENHAM,Oct-Dec ,5.3,5.5,6.8,28.7,2017,10,Q4
E09000002,BARKING AND DAGENHAM,Jan-Mar ,5,4.9,6.1,28.1,2018,1,Q1
E09000002,BARKING AND DAGENHAM,Apr-Jun ,5.8,5.7,7.6,26.1,2018,4,Q2
E09000002,BARKING AND DAGENHAM,Jul-Sep ,4.6,4.5,6.3,26.3,2018,7,Q3
E09000002,BARKING AND DAGENHAM,Oct-Dec ,6.3,6.1,6.8,23.3,2018,10,Q4
E09000002,BARKING AND DAGENHAM,Jan-Mar ,6,5.9,6.1,26.8,2019,1,Q1
E09000002,BARKING AND DAGENHAM,Apr-Jun ,5.7,5.6,5.1,27.9,2019,4,Q2
E09000002,BARKING AND DAGENHAM,Jul-Sep ,6.9,6.8,4.6,32.9,2019,7,Q3
E09000002,BARKING AND DAGENHAM,Oct-Dec ,5.9,5.9,4.4,30.6,2019,10,Q4
E09000002,BARKING AND DAGENHAM,Jan-Mar ,9.5,9.4,7.4,25,2020,1,Q1
E09000002,BARKING AND DAGENHAM,Apr-Jun ,9.2,9.1,5.3,28.5,2020,4,Q2
E09000002,BARKING AND DAGENHAM,Jul-Sep ,9.1,8.9,8.6,29.3,2020,7,Q3
E09000002,BARKING AND DAGENHAM,Oct-Dec ,8.4,8.2,7,34.1,2020,10,Q4
E09000002,BARKING AND DAGENHAM,Jan-Mar ,4.1,4,3.1,32.4,2021,1,Q1
E09000002,BARKING AND DAGENHAM,Apr-Jun ,3.1,3,3.4,30.7,2021,4,Q2
E09000002,BARKING AND DAGENHAM,Jul-Sep ,3.1,3,6.2,27.1,2021,7,Q3
E09000002,BARKING AND DAGENHAM,Oct-Dec ,2.1,2,5.6,24.1,2021,10,Q4
E09000003,BARNET,Jan-Mar ,10.3,10,13.3,30.4,2012,1,Q1
E09000003,BARNET,Apr-Jun ,7.4,7.1,9.1,29.9,2012,4,Q2
E09000003,BARNET,Jul-Sep ,6.8,6.6,9.2,27.9,2012,7,Q3
E09000003,BARNET,Oct-Dec ,6,5.7,11,29.7,2012,10,Q4
E09000003,BARNET,Jan-Mar ,5.7,5.5,10.7,26.7,2013,1,Q1
E09000003,BARNET,Apr-Jun ,5.3,5.3,11.4,30,2013,4,Q2
E09000003,BARNET,Jul-Sep ,5.4,5.4,10.2,31.5,2013,7,Q3
E09000003,BARNET,Oct-Dec ,5,5,8.8,33.2,2013,10,Q4
E09000003,BARNET,Jan-Mar ,4.8,4.7,7.6,37.3,2014,1,Q1
E09000003,BARNET,Apr-Jun ,6,5.8,9.9,38.6,2014,4,Q2
E09000003,BARNET,Jul-Sep ,7.5,7.4,13.6,38.4,2014,7,Q3
E09000003,BARNET,Oct-Dec ,7.8,7.6,13.4,37.9,2014,10,Q4
E09000003,BARNET,Jan-Mar ,8.6,8.3,13.6,30,2015,1,Q1
E09000003,BARNET,Apr-Jun ,6.9,6.8,9.5,26.3,2015,4,Q2
E09000003,BARNET,Jul-Sep ,4.4,4.2,5.8,24.2,2015,7,Q3
E09000003,BARNET,Oct-Dec ,4.6,4.4,6.3,25.2,2015,10,Q4
E09000003,BARNET,Jan-Mar ,3.6,3.5,6.5,32.5,2016,1,Q1
E09000003,BARNET,Apr-Jun ,4.6,4.4,6,31.1,2016,4,Q2
E09000003,BARNET,Jul-Sep ,4.2,4,5.4,33.5,2016,7,Q3
E09000003,BARNET,Oct-Dec ,3.1,3,3.9,29.6,2016,10,Q4
E09000003,BARNET,Jan-Mar ,3,2.9,3.2,29.2,2017,1,Q1
E09000003,BARNET,Apr-Jun ,3.3,3.2,4.9,31,2017,4,Q2
E09000003,BARNET,Jul-Sep ,4.4,4.4,7.1,33,2017,7,Q3
E09000003,BARNET,Oct-Dec ,4.8,4.8,7.9,37,2017,10,Q4
E09000003,BARNET,Jan-Mar ,4.9,4.9,8.4,32.3,2018,1,Q1
E09000003,BARNET,Apr-Jun ,5.2,5.2,9.7,32.4,2018,4,Q2
E09000003,BARNET,Jul-Sep ,5.9,5.6,10,29.1,2018,7,Q3
E09000003,BARNET,Oct-Dec ,7.5,7.1,14.7,22.5,2018,10,Q4
E09000003,BARNET,Jan-Mar ,5.6,5.5,12,22.2,2019,1,Q1
E09000003,BARNET,Apr-Jun ,5.7,5.6,12.2,22,2019,4,Q2
E09000003,BARNET,Jul-Sep ,4.1,3.9,9.6,20.5,2019,7,Q3
E09000003,BARNET,Oct-Dec ,2.2,2.1,5.3,22.7,2019,10,Q4
E09000003,BARNET,Jan-Mar ,5.8,5.4,10.5,23.6,2020,1,Q1
E09000003,BARNET,Apr-Jun ,5.7,5.4,9.5,20.1,2020,4,Q2
E09000003,BARNET,Jul-Sep ,8,7.7,10.4,21,2020,7,Q3
E09000003,BARNET,Oct-Dec ,9.9,9.5,12.4,23,2020,10,Q4
E09000003,BARNET,Jan-Mar ,7.9,7.5,10.2,26.8,2021,1,Q1
E09000003,BARNET,Apr-Jun ,9.3,8.9,10.2,31.7,2021,4,Q2
E09000003,BARNET,Jul-Sep ,6.4,6,6.9,28.2,2021,7,Q3
E09000003,BARNET,Oct-Dec ,6.7,6.7,8,26.8,2021,10,Q4
E09000004,BEXLEY,Jan-Mar ,6.6,6.4,10.1,25.4,2012,1,Q1
E09000004,BEXLEY,Apr-Jun ,6.5,6.4,8.8,25.2,2012,4,Q2
E09000004,BEXLEY,Jul-Sep ,7.5,7.5,13.4,21.6,2012,7,Q3
E09000004,BEXLEY,Oct-Dec ,7.8,7.7,15.1,27.4,2012,10,Q4
E09000004,BEXLEY,Jan-Mar ,8.4,8.4,18.1,21.3,2013,1,Q1
E09000004,BEXLEY,Apr-Jun ,8.6,8.6,18.7,21.9,2013,4,Q2
E09000004,BEXLEY,Jul-Sep ,7.4,7.2,14.9,20.4,2013,7,Q3
E09000004,BEXLEY,Oct-Dec ,5.8,5.6,12.6,17,2013,10,Q4
E09000004,BEXLEY,Jan-Mar ,5.5,5.4,9.6,16.6,2014,1,Q1
E09000004,BEXLEY,Apr-Jun ,5.4,5.4,6.3,18.7,2014,4,Q2
E09000004,BEXLEY,Jul-Sep ,6.6,6.5,4.6,21.1,2014,7,Q3
E09000004,BEXLEY,Oct-Dec ,6.9,6.8,4,18.6,2014,10,Q4
E09000004,BEXLEY,Jan-Mar ,7.4,7.5,4.3,21.1,2015,1,Q1
E09000004,BEXLEY,Apr-Jun ,6.5,6.5,3.6,19.6,2015,4,Q2
E09000004,BEXLEY,Jul-Sep ,5.8,5.9,5,18.8,2015,7,Q3
E09000004,BEXLEY,Oct-Dec ,4.7,5,7.3,16.7,2015,10,Q4
E09000004,BEXLEY,Jan-Mar ,4,4.1,3.9,17.5,2016,1,Q1
E09000004,BEXLEY,Apr-Jun ,4.3,4.3,7.1,17.5,2016,4,Q2
E09000004,BEXLEY,Jul-Sep ,4.1,4.1,5.6,16.6,2016,7,Q3
E09000004,BEXLEY,Oct-Dec ,4.1,4,6.8,19.1,2016,10,Q4
E09000004,BEXLEY,Jan-Mar ,4.1,4.1,5.4,19,2017,1,Q1
E09000004,BEXLEY,Apr-Jun ,3.3,3.4,4.2,22.8,2017,4,Q2
E09000004,BEXLEY,Jul-Sep ,2.9,3,4.7,25,2017,7,Q3
E09000004,BEXLEY,Oct-Dec ,3.6,3.7,5.3,26,2017,10,Q4
E09000004,BEXLEY,Jan-Mar ,3.2,3.1,7,23,2018,1,Q1
E09000004,BEXLEY,Apr-Jun ,4.1,4.1,8.5,16.1,2018,4,Q2
E09000004,BEXLEY,Jul-Sep ,4.4,4.4,8.8,18.9,2018,7,Q3
E09000004,BEXLEY,Oct-Dec ,4.2,4.4,8,19.2,2018,10,Q4
E09000004,BEXLEY,Jan-Mar ,4.5,4.7,7.8,21.8,2019,1,Q1
E09000004,BEXLEY,Apr-Jun ,3.8,3.8,5.6,20.8,2019,4,Q2
E09000004,BEXLEY,Jul-Sep ,4,4.1,8.6,15.7,2019,7,Q3
E09000004,BEXLEY,Oct-Dec ,5.1,5,9.8,19.6,2019,10,Q4
E09000004,BEXLEY,Jan-Mar ,5.8,5.7,12,19.5,2020,1,Q1
E09000004,BEXLEY,Apr-Jun ,6.4,6.3,13.6,22.6,2020,4,Q2
E09000004,BEXLEY,Jul-Sep ,6.2,6,7.5,29.7,2020,7,Q3
E09000004,BEXLEY,Oct-Dec ,5.3,5.2,4.4,26.2,2020,10,Q4
E09000004,BEXLEY,Jan-Mar ,6.1,6,7,25.4,2021,1,Q1
E09000004,BEXLEY,Apr-Jun ,6,5.8,6.4,25.3,2021,4,Q2
E09000004,BEXLEY,Jul-Sep ,5.3,5.1,7.6,17.8,2021,7,Q3
E09000004,BEXLEY,Oct-Dec ,3.7,3.9,10.6,13.3,2021,10,Q4
E09000005,BRENT,Jan-Mar ,11,10.9,12.8,28.2,2012,1,Q1
E09000005,BRENT,Apr-Jun ,11.9,11.8,13.6,26.9,2012,4,Q2
E09000005,BRENT,Jul-Sep ,12.5,12.3,14.3,27.8,2012,7,Q3
E09000005,BRENT,Oct-Dec ,12.3,12.2,13.3,29.2,2012,10,Q4
E09000005,BRENT,Jan-Mar ,10.9,10.7,13.1,27.6,2013,1,Q1
E09000005,BRENT,Apr-Jun ,9.6,9.5,11.8,31.1,2013,4,Q2
E09000005,BRENT,Jul-Sep ,8.6,8.4,11.4,32,2013,7,Q3
E09000005,BRENT,Oct-Dec ,7.3,7.1,10.2,31,2013,10,Q4
E09000005,BRENT,Jan-Mar ,7.2,7,10,31.2,2014,1,Q1
E09000005,BRENT,Apr-Jun ,6.9,6.8,10.1,29.2,2014,4,Q2
E09000005,BRENT,Jul-Sep ,5.8,5.7,7.2,28.8,2014,7,Q3
E09000005,BRENT,Oct-Dec ,6.9,6.7,8.7,29.1,2014,10,Q4
E09000005,BRENT,Jan-Mar ,7.4,7.4,9.6,29,2015,1,Q1
E09000005,BRENT,Apr-Jun ,7.2,7.2,9.1,30.4,2015,4,Q2
E09000005,BRENT,Jul-Sep ,7.7,7.7,10.1,29.5,2015,7,Q3
E09000005,BRENT,Oct-Dec ,8.1,8.1,9.7,29.6,2015,10,Q4
E09000005,BRENT,Jan-Mar ,7.8,7.6,8.2,29.2,2016,1,Q1
E09000005,BRENT,Apr-Jun ,8.8,8.6,9.3,29.6,2016,4,Q2
E09000005,BRENT,Jul-Sep ,7.5,7.3,8,30.7,2016,7,Q3
E09000005,BRENT,Oct-Dec ,6.9,6.7,7.7,32.3,2016,10,Q4
E09000005,BRENT,Jan-Mar ,7.4,7.1,8.4,30.5,2017,1,Q1
E09000005,BRENT,Apr-Jun ,6.4,6.1,8.1,30.9,2017,4,Q2
E09000005,BRENT,Jul-Sep ,6.7,6.4,8.7,29.9,2017,7,Q3
E09000005,BRENT,Oct-Dec ,6,5.8,8.1,26.7,2017,10,Q4
E09000005,BRENT,Jan-Mar ,5,4.9,7.5,28.8,2018,1,Q1
E09000005,BRENT,Apr-Jun ,3.9,3.8,5.7,28.2,2018,4,Q2
E09000005,BRENT,Jul-Sep ,4.1,3.9,5.9,26.5,2018,7,Q3
E09000005,BRENT,Oct-Dec ,3.6,3.5,5.1,27.4,2018,10,Q4
E09000005,BRENT,Jan-Mar ,5.4,6.2,5.9,28.4,2019,1,Q1
E09000005,BRENT,Apr-Jun ,7,8.1,7.9,28,2019,4,Q2
E09000005,BRENT,Jul-Sep ,6.4,7.4,6,28.1,2019,7,Q3
E09000005,BRENT,Oct-Dec ,6.5,7.4,6.6,30.9,2019,10,Q4
E09000005,BRENT,Jan-Mar ,3,4,2.9,31.5,2020,1,Q1
E09000005,BRENT,Apr-Jun ,3.9,4.7,3.8,31.9,2020,4,Q2
E09000005,BRENT,Jul-Sep ,5,5.9,4.3,34.2,2020,7,Q3
E09000005,BRENT,Oct-Dec ,7.1,8.1,6.3,31.8,2020,10,Q4
E09000005,BRENT,Jan-Mar ,8.2,8,8.4,27.6,2021,1,Q1
E09000005,BRENT,Apr-Jun ,10.3,10,8,26.9,2021,4,Q2
E09000005,BRENT,Jul-Sep ,8.5,8.6,6.7,26.8,2021,7,Q3
E09000005,BRENT,Oct-Dec ,8.3,8.4,7.4,25.1,2021,10,Q4
E09000006,BROMLEY,Jan-Mar ,5.7,5.5,11,21,2012,1,Q1
E09000006,BROMLEY,Apr-Jun ,6,5.8,10.6,16.4,2012,4,Q2
E09000006,BROMLEY,Jul-Sep ,5.8,5.7,7.6,23.1,2012,7,Q3
E09000006,BROMLEY,Oct-Dec ,5.8,5.6,4.2,15.1,2012,10,Q4
E09000006,BROMLEY,Jan-Mar ,5.7,5.6,8.8,16.1,2013,1,Q1
E09000006,BROMLEY,Apr-Jun ,5.3,5.2,8,15.4,2013,4,Q2
E09000006,BROMLEY,Jul-Sep ,5.1,4.9,3.4,13.2,2013,7,Q3
E09000006,BROMLEY,Oct-Dec ,5.1,4.9,3.8,16.4,2013,10,Q4
E09000006,BROMLEY,Jan-Mar ,5.4,5.2,4.7,18.6,2014,1,Q1
E09000006,BROMLEY,Apr-Jun ,4.7,4.5,7.7,30.2,2014,4,Q2
E09000006,BROMLEY,Jul-Sep ,5.3,5.1,5.1,28.6,2014,7,Q3
E09000006,BROMLEY,Oct-Dec ,5.6,5.4,5.5,26.4,2014,10,Q4
E09000006,BROMLEY,Jan-Mar ,5.3,5.1,8.7,24.6,2015,1,Q1
E09000006,BROMLEY,Apr-Jun ,7,6.7,10.6,19.4,2015,4,Q2
E09000006,BROMLEY,Jul-Sep ,5.9,5.7,13.1,19.7,2015,7,Q3
E09000006,BROMLEY,Oct-Dec ,5.2,5,12.9,22.2,2015,10,Q4
E09000006,BROMLEY,Jan-Mar ,4.4,4.2,10.1,24.2,2016,1,Q1
E09000006,BROMLEY,Apr-Jun ,3.6,3.6,6.4,19.2,2016,4,Q2
E09000006,BROMLEY,Jul-Sep ,3.9,3.9,7.4,20,2016,7,Q3
E09000006,BROMLEY,Oct-Dec ,4.9,5,6.5,19.9,2016,10,Q4
E09000006,BROMLEY,Jan-Mar ,4.5,4.6,7.1,19.4,2017,1,Q1
E09000006,BROMLEY,Apr-Jun ,3.9,3.8,9.4,23.6,2017,4,Q2
E09000006,BROMLEY,Jul-Sep ,3.9,3.8,12.2,20.7,2017,7,Q3
E09000006,BROMLEY,Oct-Dec ,4.7,4.5,7.9,17.2,2017,10,Q4
E09000006,BROMLEY,Jan-Mar ,5.4,5.3,7.2,21.7,2018,1,Q1
E09000006,BROMLEY,Apr-Jun ,4.7,4.6,4.7,24.1,2018,4,Q2
E09000006,BROMLEY,Jul-Sep ,4.5,4.4,4,28.7,2018,7,Q3
E09000006,BROMLEY,Oct-Dec ,2.2,2.2,6.8,27.4,2018,10,Q4
E09000006,BROMLEY,Jan-Mar ,1.9,1.9,5.9,22.9,2019,1,Q1
E09000006,BROMLEY,Apr-Jun ,3.1,3,5.6,19,2019,4,Q2
E09000006,BROMLEY,Jul-Sep ,3.2,3.1,5.6,23.2,2019,7,Q3
E09000006,BROMLEY,Oct-Dec ,3.6,3.5,5.5,23.2,2019,10,Q4
E09000006,BROMLEY,Jan-Mar ,3.2,3.1,5.8,24.5,2020,1,Q1
E09000006,BROMLEY,Apr-Jun ,3.3,3.2,5.8,24.8,2020,4,Q2
E09000006,BROMLEY,Jul-Sep ,5.3,5,10.7,17.3,2020,7,Q3
E09000006,BROMLEY,Oct-Dec ,6.6,6.2,14.3,16.1,2020,10,Q4
E09000006,BROMLEY,Jan-Mar ,6.7,6.3,15.2,12.6,2021,1,Q1
E09000006,BROMLEY,Apr-Jun ,5.5,5.2,14.6,12.9,2021,4,Q2
E09000006,BROMLEY,Jul-Sep ,3.3,3.1,7.3,18.2,2021,7,Q3
E09000006,BROMLEY,Oct-Dec ,1.9,1.8,6.7,22.5,2021,10,Q4
E09000007,CAMDEN,Jan-Mar ,8.1,7.7,11.2,36.8,2012,1,Q1
E09000007,CAMDEN,Apr-Jun ,8.4,8,12.2,39.5,2012,4,Q2
E09000007,CAMDEN,Jul-Sep ,9.3,8.9,11.6,45.2,2012,7,Q3
E09000007,CAMDEN,Oct-Dec ,9.9,9.6,12.5,47.9,2012,10,Q4
E09000007,CAMDEN,Jan-Mar ,7.3,7,9.4,48.6,2013,1,Q1
E09000007,CAMDEN,Apr-Jun ,7.3,7.1,7.8,46.6,2013,4,Q2
E09000007,CAMDEN,Jul-Sep ,7.6,7.4,8.2,43.2,2013,7,Q3
E09000007,CAMDEN,Oct-Dec ,7.5,7.2,7.7,40.4,2013,10,Q4
E09000007,CAMDEN,Jan-Mar ,7.4,7.1,7.4,41.9,2014,1,Q1
E09000007,CAMDEN,Apr-Jun ,5.9,5.7,6.6,45.1,2014,4,Q2
E09000007,CAMDEN,Jul-Sep ,4.8,4.6,5.7,43.7,2014,7,Q3
E09000007,CAMDEN,Oct-Dec ,4.5,4.4,7.6,42.2,2014,10,Q4
E09000007,CAMDEN,Jan-Mar ,4,3.9,8.5,37.2,2015,1,Q1
E09000007,CAMDEN,Apr-Jun ,5.2,5.1,10.6,34.8,2015,4,Q2
E09000007,CAMDEN,Jul-Sep ,5.1,5.1,12.1,35.9,2015,7,Q3
E09000007,CAMDEN,Oct-Dec ,4.4,4.2,9.5,33.8,2015,10,Q4
E09000007,CAMDEN,Jan-Mar ,5,4.7,10.2,36.7,2016,1,Q1
E09000007,CAMDEN,Apr-Jun ,6.2,5.9,8.2,35,2016,4,Q2
E09000007,CAMDEN,Jul-Sep ,5.8,5.5,5.4,34.4,2016,7,Q3
E09000007,CAMDEN,Oct-Dec ,6.4,6.1,5,34.6,2016,10,Q4
E09000007,CAMDEN,Jan-Mar ,6.5,6.2,4.2,33.5,2017,1,Q1
E09000007,CAMDEN,Apr-Jun ,5.3,5.1,5.5,32.5,2017,4,Q2
E09000007,CAMDEN,Jul-Sep ,4.4,4.3,6.3,33.8,2017,7,Q3
E09000007,CAMDEN,Oct-Dec ,4.5,4.3,7.9,34.1,2017,10,Q4
E09000007,CAMDEN,Jan-Mar ,3.9,3.8,6.5,31.2,2018,1,Q1
E09000007,CAMDEN,Apr-Jun ,4.6,4.6,8.9,37.5,2018,4,Q2
E09000007,CAMDEN,Jul-Sep ,5.1,5.1,10.3,35.1,2018,7,Q3
E09000007,CAMDEN,Oct-Dec ,5,4.9,11,36.7,2018,10,Q4
E09000007,CAMDEN,Jan-Mar ,5.4,5.6,13,41.1,2019,1,Q1
E09000007,CAMDEN,Apr-Jun ,3.9,4,8.6,41.2,2019,4,Q2
E09000007,CAMDEN,Jul-Sep ,4,4,6.8,40.9,2019,7,Q3
E09000007,CAMDEN,Oct-Dec ,4.1,4.1,5.6,40.7,2019,10,Q4
E09000007,CAMDEN,Jan-Mar ,5,4.7,8.1,36.8,2020,1,Q1
E09000007,CAMDEN,Apr-Jun ,4.4,4.2,6.8,27.7,2020,4,Q2
E09000007,CAMDEN,Jul-Sep ,4.4,4.6,7.3,26.6,2020,7,Q3
E09000007,CAMDEN,Oct-Dec ,3.9,4.1,8.1,26.9,2020,10,Q4
E09000007,CAMDEN,Jan-Mar ,3.4,3.6,7.6,29.5,2021,1,Q1
E09000007,CAMDEN,Apr-Jun ,5.2,5.3,6.4,27.3,2021,4,Q2
E09000007,CAMDEN,Jul-Sep ,3.5,3.2,7.1,30.6,2021,7,Q3
E09000007,CAMDEN,Oct-Dec ,4.6,4.2,6.7,35.5,2021,10,Q4
E09000008,CROYDON,Jan-Mar ,10.8,10.5,15.9,20.9,2012,1,Q1
E09000008,CROYDON,Apr-Jun ,10.7,10.4,14.8,21,2012,4,Q2
E09000008,CROYDON,Jul-Sep ,10.7,10.4,15.8,20.5,2012,7,Q3
E09000008,CROYDON,Oct-Dec ,9.3,9,14.8,22.4,2012,10,Q4
E09000008,CROYDON,Jan-Mar ,8.8,8.6,12.4,22.2,2013,1,Q1
E09000008,CROYDON,Apr-Jun ,9.5,9.5,15.1,21.7,2013,4,Q2
E09000008,CROYDON,Jul-Sep ,8.2,8.2,13.4,22.6,2013,7,Q3
E09000008,CROYDON,Oct-Dec ,9.5,9.5,14.8,20.3,2013,10,Q4
E09000008,CROYDON,Jan-Mar ,7.8,7.8,13.1,22.2,2014,1,Q1
E09000008,CROYDON,Apr-Jun ,6.6,6.4,11.1,24.1,2014,4,Q2
E09000008,CROYDON,Jul-Sep ,6.3,6.1,9.7,24.4,2014,7,Q3
E09000008,CROYDON,Oct-Dec ,4.4,4.2,5.4,26,2014,10,Q4
E09000008,CROYDON,Jan-Mar ,4.2,4,7,21.8,2015,1,Q1
E09000008,CROYDON,Apr-Jun ,4.9,4.8,5.8,21.2,2015,4,Q2
E09000008,CROYDON,Jul-Sep ,5.3,5.2,5.3,20.1,2015,7,Q3
E09000008,CROYDON,Oct-Dec ,6,5.9,6.3,19.2,2015,10,Q4
E09000008,CROYDON,Jan-Mar ,5.7,5.7,5.3,19.5,2016,1,Q1
E09000008,CROYDON,Apr-Jun ,5.7,5.6,6,19.7,2016,4,Q2
E09000008,CROYDON,Jul-Sep ,5.3,5.3,6.9,18.9,2016,7,Q3
E09000008,CROYDON,Oct-Dec ,6.5,6.4,7.6,20.8,2016,10,Q4
E09000008,CROYDON,Jan-Mar ,8,7.8,9.2,23.2,2017,1,Q1
E09000008,CROYDON,Apr-Jun ,7.6,7.5,9.3,21.2,2017,4,Q2
E09000008,CROYDON,Jul-Sep ,7.2,7,7.8,21.6,2017,7,Q3
E09000008,CROYDON,Oct-Dec ,5.9,5.7,7.2,22.7,2017,10,Q4
E09000008,CROYDON,Jan-Mar ,3.5,3.4,4.2,22.3,2018,1,Q1
E09000008,CROYDON,Apr-Jun ,4.1,3.9,5.3,22.4,2018,4,Q2
E09000008,CROYDON,Jul-Sep ,4.1,3.9,5.2,20.4,2018,7,Q3
E09000008,CROYDON,Oct-Dec ,4.1,4,4.5,20.1,2018,10,Q4
E09000008,CROYDON,Jan-Mar ,3.7,3.5,4.7,21.3,2019,1,Q1
E09000008,CROYDON,Apr-Jun ,3.1,3,4,21.4,2019,4,Q2
E09000008,CROYDON,Jul-Sep ,2.1,2,3.3,24.3,2019,7,Q3
E09000008,CROYDON,Oct-Dec ,3.6,3.5,6.1,27.9,2019,10,Q4
E09000008,CROYDON,Jan-Mar ,6.4,6.1,9.1,23.3,2020,1,Q1
E09000008,CROYDON,Apr-Jun ,7.7,7.4,10.7,24.5,2020,4,Q2
E09000008,CROYDON,Jul-Sep ,9.1,8.7,12.8,25.9,2020,7,Q3
E09000008,CROYDON,Oct-Dec ,8,7.6,10.3,23.5,2020,10,Q4
E09000008,CROYDON,Jan-Mar ,5.9,5.7,7.5,27.8,2021,1,Q1
E09000008,CROYDON,Apr-Jun ,4.5,4.3,4.4,27.8,2021,4,Q2
E09000008,CROYDON,Jul-Sep ,3.6,3.5,2.4,25.8,2021,7,Q3
E09000008,CROYDON,Oct-Dec ,2.7,2.6,7.9,24.9,2021,10,Q4
E09000009,EALING,Jan-Mar ,12.6,12.3,17.6,32.1,2012,1,Q1
E09000009,EALING,Apr-Jun ,13.5,13.2,20,30.5,2012,4,Q2
E09000009,EALING,Jul-Sep ,13.4,13,20.8,33.8,2012,7,Q3
E09000009,EALING,Oct-Dec ,11.2,10.9,15.2,31.4,2012,10,Q4
E09000009,EALING,Jan-Mar ,12,11.7,15.8,31.2,2013,1,Q1
E09000009,EALING,Apr-Jun ,11.2,11,13.6,30.5,2013,4,Q2
E09000009,EALING,Jul-Sep ,10.4,10.2,11.8,34.6,2013,7,Q3
E09000009,EALING,Oct-Dec ,9.9,9.6,11.7,33.7,2013,10,Q4
E09000009,EALING,Jan-Mar ,8.1,7.8,9.5,33.7,2014,1,Q1
E09000009,EALING,Apr-Jun ,7.1,7,9.9,31.5,2014,4,Q2
E09000009,EALING,Jul-Sep ,6.8,6.7,9.4,27.3,2014,7,Q3
E09000009,EALING,Oct-Dec ,6.5,6.4,10.1,29.9,2014,10,Q4
E09000009,EALING,Jan-Mar ,5.7,5.7,8.9,29.3,2015,1,Q1
E09000009,EALING,Apr-Jun ,7.2,7,11,30.9,2015,4,Q2
E09000009,EALING,Jul-Sep ,7.1,6.9,10.4,30.7,2015,7,Q3
E09000009,EALING,Oct-Dec ,6.6,6.4,9,28.4,2015,10,Q4
E09000009,EALING,Jan-Mar ,6.3,6,8.3,27.6,2016,1,Q1
E09000009,EALING,Apr-Jun ,4.1,4,4.6,27.4,2016,4,Q2
E09000009,EALING,Jul-Sep ,4.4,4.2,5.8,27.6,2016,7,Q3
E09000009,EALING,Oct-Dec ,4.8,4.6,7.1,26.4,2016,10,Q4
E09000009,EALING,Jan-Mar ,4.6,4.4,7.6,25.2,2017,1,Q1
E09000009,EALING,Apr-Jun ,5.7,5.5,9.7,21,2017,4,Q2
E09000009,EALING,Jul-Sep ,5.8,5.6,9.7,19.6,2017,7,Q3
E09000009,EALING,Oct-Dec ,6.5,6.5,9.2,19.3,2017,10,Q4
E09000009,EALING,Jan-Mar ,6.7,6.8,8.7,26.3,2018,1,Q1
E09000009,EALING,Apr-Jun ,6.1,6.5,8,28.1,2018,4,Q2
E09000009,EALING,Jul-Sep ,4.7,5.1,6.5,28.3,2018,7,Q3
E09000009,EALING,Oct-Dec ,4.4,4.6,7.2,32,2018,10,Q4
E09000009,EALING,Jan-Mar ,4.4,4.5,7.2,28.3,2019,1,Q1
E09000009,EALING,Apr-Jun ,3.7,3.6,4.4,27.6,2019,4,Q2
E09000009,EALING,Jul-Sep ,4.8,4.7,6.4,28.8,2019,7,Q3
E09000009,EALING,Oct-Dec ,5.5,5.4,8.3,22.5,2019,10,Q4
E09000009,EALING,Jan-Mar ,6.2,6.1,10,21.9,2020,1,Q1
E09000009,EALING,Apr-Jun ,4.5,4.5,9.6,21.8,2020,4,Q2
E09000009,EALING,Jul-Sep ,5.1,5.4,11.1,19.3,2020,7,Q3
E09000009,EALING,Oct-Dec ,6.2,6.4,13.2,20.9,2020,10,Q4
E09000009,EALING,Jan-Mar ,6.4,6.7,12,22.5,2021,1,Q1
E09000009,EALING,Apr-Jun ,8.3,8.5,13.8,21.9,2021,4,Q2
E09000009,EALING,Jul-Sep ,6.7,6.5,10.7,21.4,2021,7,Q3
E09000009,EALING,Oct-Dec ,6.5,6.3,8.5,23.6,2021,10,Q4
E09000010,ENFIELD,Jan-Mar ,10.6,10.4,12.3,28.1,2012,1,Q1
E09000010,ENFIELD,Apr-Jun ,9.4,9.2,11,25,2012,4,Q2
E09000010,ENFIELD,Jul-Sep ,9.5,9.3,9.4,25,2012,7,Q3
E09000010,ENFIELD,Oct-Dec ,8.1,7.8,8.2,27.5,2012,10,Q4
E09000010,ENFIELD,Jan-Mar ,8.3,8.1,9.6,27.2,2013,1,Q1
E09000010,ENFIELD,Apr-Jun ,7.5,7.3,9.8,26.7,2013,4,Q2
E09000010,ENFIELD,Jul-Sep ,6.8,6.6,10.2,26.3,2013,7,Q3
E09000010,ENFIELD,Oct-Dec ,6.4,6.3,8.8,24.3,2013,10,Q4
E09000010,ENFIELD,Jan-Mar ,7.1,7,8.3,24.6,2014,1,Q1
E09000010,ENFIELD,Apr-Jun ,5.9,5.8,6.3,29,2014,4,Q2
E09000010,ENFIELD,Jul-Sep ,5,5,6.1,26.2,2014,7,Q3
E09000010,ENFIELD,Oct-Dec ,4.2,4.5,6.3,26.3,2014,10,Q4
E09000010,ENFIELD,Jan-Mar ,3.5,3.8,5.6,26.7,2015,1,Q1
E09000010,ENFIELD,Apr-Jun ,4.7,5,5.6,26.6,2015,4,Q2
E09000010,ENFIELD,Jul-Sep ,5.8,5.9,5.8,26,2015,7,Q3
E09000010,ENFIELD,Oct-Dec ,5.6,5.5,4.4,28.1,2015,10,Q4
E09000010,ENFIELD,Jan-Mar ,5.7,5.7,7.7,27.8,2016,1,Q1
E09000010,ENFIELD,Apr-Jun ,6.8,6.8,8.7,25.2,2016,4,Q2
E09000010,ENFIELD,Jul-Sep ,6.9,6.9,9.7,29.8,2016,7,Q3
E09000010,ENFIELD,Oct-Dec ,6.8,6.9,10.3,26.8,2016,10,Q4
E09000010,ENFIELD,Jan-Mar ,6.6,6.5,8.7,26,2017,1,Q1
E09000010,ENFIELD,Apr-Jun ,5.7,5.5,6,25.5,2017,4,Q2
E09000010,ENFIELD,Jul-Sep ,5.5,5.3,4.3,24.4,2017,7,Q3
E09000010,ENFIELD,Oct-Dec ,5.8,5.6,5.1,25.2,2017,10,Q4
E09000010,ENFIELD,Jan-Mar ,5,4.8,3.5,27,2018,1,Q1
E09000010,ENFIELD,Apr-Jun ,4.2,4.1,3.8,28.3,2018,4,Q2
E09000010,ENFIELD,Jul-Sep ,4.7,4.5,4.1,30,2018,7,Q3
E09000010,ENFIELD,Oct-Dec ,5.6,5.3,5.2,33.8,2018,10,Q4
E09000010,ENFIELD,Jan-Mar ,7.6,7.3,8.1,30.5,2019,1,Q1
E09000010,ENFIELD,Apr-Jun ,7.6,7.4,10.3,27.8,2019,4,Q2
E09000010,ENFIELD,Jul-Sep ,6.2,5.9,10.1,30.1,2019,7,Q3
E09000010,ENFIELD,Oct-Dec ,6.5,6.2,9.2,23.6,2019,10,Q4
E09000010,ENFIELD,Jan-Mar ,6.2,6,7.3,28,2020,1,Q1
E09000010,ENFIELD,Apr-Jun ,5.9,5.7,6.4,33.1,2020,4,Q2
E09000010,ENFIELD,Jul-Sep ,7.8,7.6,8.4,26.4,2020,7,Q3
E09000010,ENFIELD,Oct-Dec ,6.4,6.2,6.4,23.5,2020,10,Q4
E09000010,ENFIELD,Jan-Mar ,5.1,5,7.9,28.4,2021,1,Q1
E09000010,ENFIELD,Apr-Jun ,6.2,6,6.2,26,2021,4,Q2
E09000010,ENFIELD,Jul-Sep ,6.1,5.9,7.2,29.9,2021,7,Q3
E09000010,ENFIELD,Oct-Dec ,5.2,5,6.3,34.8,2021,10,Q4
E09000011,GREENWICH,Jan-Mar ,10.7,10.5,13.7,25.7,2012,1,Q1
E09000011,GREENWICH,Apr-Jun ,10.9,10.7,13.8,25.1,2012,4,Q2
E09000011,GREENWICH,Jul-Sep ,9.9,9.7,13.8,25.9,2012,7,Q3
E09000011,GREENWICH,Oct-Dec ,11.2,10.9,15.1,24.9,2012,10,Q4
E09000011,GREENWICH,Jan-Mar ,10.9,10.7,15,24.9,2013,1,Q1
E09000011,GREENWICH,Apr-Jun ,11.2,10.9,14.5,30.4,2013,4,Q2
E09000011,GREENWICH,Jul-Sep ,10.6,10.4,15.2,31.7,2013,7,Q3
E09000011,GREENWICH,Oct-Dec ,11.2,10.9,13.3,30.8,2013,10,Q4
E09000011,GREENWICH,Jan-Mar ,10.7,10.4,11.5,28.5,2014,1,Q1
E09000011,GREENWICH,Apr-Jun ,10.1,10.1,11.3,23.8,2014,4,Q2
E09000011,GREENWICH,Jul-Sep ,9.5,9.6,8.7,21.7,2014,7,Q3
E09000011,GREENWICH,Oct-Dec ,7.8,7.9,8.6,26.1,2014,10,Q4
E09000011,GREENWICH,Jan-Mar ,7.9,7.9,11.7,27.6,2015,1,Q1
E09000011,GREENWICH,Apr-Jun ,7.5,7.4,10.2,28,2015,4,Q2
E09000011,GREENWICH,Jul-Sep ,7.4,7.3,11.1,27.4,2015,7,Q3
E09000011,GREENWICH,Oct-Dec ,8.7,8.5,13,23.3,2015,10,Q4
E09000011,GREENWICH,Jan-Mar ,7.2,7.1,9.9,25.3,2016,1,Q1
E09000011,GREENWICH,Apr-Jun ,6.3,6.2,10.3,27.6,2016,4,Q2
E09000011,GREENWICH,Jul-Sep ,6.9,6.7,8.9,28.2,2016,7,Q3
E09000011,GREENWICH,Oct-Dec ,5.9,5.9,8.5,27.1,2016,10,Q4
E09000011,GREENWICH,Jan-Mar ,6.2,6.3,9.1,26.3,2017,1,Q1
E09000011,GREENWICH,Apr-Jun ,6.3,6.4,8.8,28,2017,4,Q2
E09000011,GREENWICH,Jul-Sep ,6.2,6.4,7.8,29.8,2017,7,Q3
E09000011,GREENWICH,Oct-Dec ,5.8,6.1,5.9,35.3,2017,10,Q4
E09000011,GREENWICH,Jan-Mar ,6.3,6.5,7.1,34.1,2018,1,Q1
E09000011,GREENWICH,Apr-Jun ,5.8,6,5.8,29.5,2018,4,Q2
E09000011,GREENWICH,Jul-Sep ,3.7,3.7,4.9,26.9,2018,7,Q3
E09000011,GREENWICH,Oct-Dec ,4.5,4.4,7,25.4,2018,10,Q4
E09000011,GREENWICH,Jan-Mar ,4.7,4.6,6.7,25,2019,1,Q1
E09000011,GREENWICH,Apr-Jun ,5.4,5.6,7.9,21.4,2019,4,Q2
E09000011,GREENWICH,Jul-Sep ,6,6,8.2,22.5,2019,7,Q3
E09000011,GREENWICH,Oct-Dec ,5,5.1,6,22.4,2019,10,Q4
E09000011,GREENWICH,Jan-Mar ,6.3,6.3,5.5,20.3,2020,1,Q1
E09000011,GREENWICH,Apr-Jun ,6.5,6.3,5.6,19.2,2020,4,Q2
E09000011,GREENWICH,Jul-Sep ,7.2,7,8.2,18.9,2020,7,Q3
E09000011,GREENWICH,Oct-Dec ,8,7.9,9.4,15.9,2020,10,Q4
E09000011,GREENWICH,Jan-Mar ,8.7,8.6,12.8,18,2021,1,Q1
E09000011,GREENWICH,Apr-Jun ,8.6,8.3,13.3,23.5,2021,4,Q2
E09000011,GREENWICH,Jul-Sep ,7.2,7,11.8,24.6,2021,7,Q3
E09000011,GREENWICH,Oct-Dec ,4.9,4.8,8.7,26,2021,10,Q4
E09000012,HACKNEY,Jan-Mar ,9.4,9.4,17,42.7,2012,1,Q1
E09000012,HACKNEY,Apr-Jun ,10.2,10.1,18.6,42.1,2012,4,Q2
E09000012,HACKNEY,Jul-Sep ,10.9,10.8,18.3,42.7,2012,7,Q3
E09000012,HACKNEY,Oct-Dec ,11.3,11.3,20.2,40.7,2012,10,Q4
E09000012,HACKNEY,Jan-Mar ,11,10.9,18,40.8,2013,1,Q1
E09000012,HACKNEY,Apr-Jun ,11.1,11.1,18.2,37.6,2013,4,Q2
E09000012,HACKNEY,Jul-Sep ,9,8.9,15.3,37.1,2013,7,Q3
E09000012,HACKNEY,Oct-Dec ,9.5,9.4,15.8,37.2,2013,10,Q4
E09000012,HACKNEY,Jan-Mar ,8.3,8.2,15.9,38.8,2014,1,Q1
E09000012,HACKNEY,Apr-Jun ,7.3,7.2,11.3,41.4,2014,4,Q2
E09000012,HACKNEY,Jul-Sep ,7.1,7,10.9,38.6,2014,7,Q3
E09000012,HACKNEY,Oct-Dec ,6.4,6.5,9.7,39.2,2014,10,Q4
E09000012,HACKNEY,Jan-Mar ,5.8,5.9,8.2,36.5,2015,1,Q1
E09000012,HACKNEY,Apr-Jun ,5.7,5.8,10.4,36.2,2015,4,Q2
E09000012,HACKNEY,Jul-Sep ,6.8,6.9,10.7,40.9,2015,7,Q3
E09000012,HACKNEY,Oct-Dec ,6.7,6.6,10.9,38.1,2015,10,Q4
E09000012,HACKNEY,Jan-Mar ,7.8,7.7,12.7,36.7,2016,1,Q1
E09000012,HACKNEY,Apr-Jun ,6.4,6.3,9.6,32.6,2016,4,Q2
E09000012,HACKNEY,Jul-Sep ,4.4,4.4,7.6,33.7,2016,7,Q3
E09000012,HACKNEY,Oct-Dec ,3.2,3.1,5.4,33.4,2016,10,Q4
E09000012,HACKNEY,Jan-Mar ,2.6,2.6,4.2,35.8,2017,1,Q1
E09000012,HACKNEY,Apr-Jun ,3.4,3.4,5.8,37.6,2017,4,Q2
E09000012,HACKNEY,Jul-Sep ,5.2,5.1,9,34.8,2017,7,Q3
E09000012,HACKNEY,Oct-Dec ,6,6,10.5,36.8,2017,10,Q4
E09000012,HACKNEY,Jan-Mar ,5.8,5.9,11.1,36.7,2018,1,Q1
E09000012,HACKNEY,Apr-Jun ,5.9,6,12.4,34.4,2018,4,Q2
E09000012,HACKNEY,Jul-Sep ,4.3,4.3,10.8,36.1,2018,7,Q3
E09000012,HACKNEY,Oct-Dec ,3.9,3.8,10.5,34.2,2018,10,Q4
E09000012,HACKNEY,Jan-Mar ,4.4,4.4,11.3,35.2,2019,1,Q1
E09000012,HACKNEY,Apr-Jun ,4.6,4.8,11,34,2019,4,Q2
E09000012,HACKNEY,Jul-Sep ,4.2,4.3,9.2,35.3,2019,7,Q3
E09000012,HACKNEY,Oct-Dec ,4.9,5,9.1,36.8,2019,10,Q4
E09000012,HACKNEY,Jan-Mar ,4.3,4.4,5.5,32.1,2020,1,Q1
E09000012,HACKNEY,Apr-Jun ,5.7,5.6,12.2,34.4,2020,4,Q2
E09000012,HACKNEY,Jul-Sep ,6.9,7.3,9.4,24,2020,7,Q3
E09000012,HACKNEY,Oct-Dec ,6.8,7.2,9.7,22,2020,10,Q4
E09000012,HACKNEY,Jan-Mar ,5.7,6.3,10.9,17,2021,1,Q1
E09000012,HACKNEY,Apr-Jun ,4.1,4.7,7.2,13.3,2021,4,Q2
E09000012,HACKNEY,Jul-Sep ,4.7,5.2,12,23.4,2021,7,Q3
E09000012,HACKNEY,Oct-Dec ,4.8,5.2,6.7,22.8,2021,10,Q4
E09000013,HAMMERSMITH AND FULHAM,Jan-Mar ,9.4,9.2,14.7,27.8,2012,1,Q1
E09000013,HAMMERSMITH AND FULHAM,Apr-Jun ,7.7,7.7,13.6,30.2,2012,4,Q2
E09000013,HAMMERSMITH AND FULHAM,Jul-Sep ,7.3,7.2,13.8,32.1,2012,7,Q3
E09000013,HAMMERSMITH AND FULHAM,Oct-Dec ,7.5,7.6,16.1,33.4,2012,10,Q4
E09000013,HAMMERSMITH AND FULHAM,Jan-Mar ,6,6.1,15,36.1,2013,1,Q1
E09000013,HAMMERSMITH AND FULHAM,Apr-Jun ,6.6,6.5,13.6,34.7,2013,4,Q2
E09000013,HAMMERSMITH AND FULHAM,Jul-Sep ,6.1,6.1,8.4,32.3,2013,7,Q3
E09000013,HAMMERSMITH AND FULHAM,Oct-Dec ,4.8,4.7,6,30.1,2013,10,Q4
E09000013,HAMMERSMITH AND FULHAM,Jan-Mar ,5.4,5.3,4.5,29.6,2014,1,Q1
E09000013,HAMMERSMITH AND FULHAM,Apr-Jun ,3.9,3.9,2.5,27.2,2014,4,Q2
E09000013,HAMMERSMITH AND FULHAM,Jul-Sep ,3.9,3.9,4.7,24.4,2014,7,Q3
E09000013,HAMMERSMITH AND FULHAM,Oct-Dec ,4.9,4.9,7.1,22.3,2014,10,Q4
E09000013,HAMMERSMITH AND FULHAM,Jan-Mar ,4.9,4.8,7.7,25.6,2015,1,Q1
E09000013,HAMMERSMITH AND FULHAM,Apr-Jun ,5,4.9,10,26.5,2015,4,Q2
E09000013,HAMMERSMITH AND FULHAM,Jul-Sep ,4.3,4.2,6.9,30.8,2015,7,Q3
E09000013,HAMMERSMITH AND FULHAM,Oct-Dec ,3.3,3.2,3.9,31.8,2015,10,Q4
E09000013,HAMMERSMITH AND FULHAM,Jan-Mar ,3.1,3,4,26.3,2016,1,Q1
E09000013,HAMMERSMITH AND FULHAM,Apr-Jun ,2.8,2.8,2.7,29.9,2016,4,Q2
E09000013,HAMMERSMITH AND FULHAM,Jul-Sep ,3.4,3.5,3.6,28.5,2016,7,Q3
E09000013,HAMMERSMITH AND FULHAM,Oct-Dec ,3.9,3.9,4.4,28.4,2016,10,Q4
E09000013,HAMMERSMITH AND FULHAM,Jan-Mar ,3.9,3.9,4.4,29.3,2017,1,Q1
E09000013,HAMMERSMITH AND FULHAM,Apr-Jun ,3.5,3.4,5.4,25.8,2017,4,Q2
E09000013,HAMMERSMITH AND FULHAM,Jul-Sep ,4.7,4.6,9.9,23,2017,7,Q3
E09000013,HAMMERSMITH AND FULHAM,Oct-Dec ,4.4,4.5,9.8,24.5,2017,10,Q4
E09000013,HAMMERSMITH AND FULHAM,Jan-Mar ,5.2,5.4,10.2,22.6,2018,1,Q1
E09000013,HAMMERSMITH AND FULHAM,Apr-Jun ,6.1,6.2,10.6,20.5,2018,4,Q2
E09000013,HAMMERSMITH AND FULHAM,Jul-Sep ,5.8,5.7,9,26.4,2018,7,Q3
E09000013,HAMMERSMITH AND FULHAM,Oct-Dec ,5.1,5.1,7.8,29.8,2018,10,Q4
E09000013,HAMMERSMITH AND FULHAM,Jan-Mar ,3.6,3.7,4.8,37.6,2019,1,Q1
E09000013,HAMMERSMITH AND FULHAM,Apr-Jun ,3.5,3.6,3.3,35.7,2019,4,Q2
E09000013,HAMMERSMITH AND FULHAM,Jul-Sep ,3.3,3.4,2.9,35.6,2019,7,Q3
E09000013,HAMMERSMITH AND FULHAM,Oct-Dec ,3.9,3.8,10.6,30.1,2019,10,Q4
E09000013,HAMMERSMITH AND FULHAM,Jan-Mar ,6.5,6.5,7.9,25.5,2020,1,Q1
E09000013,HAMMERSMITH AND FULHAM,Apr-Jun ,7.5,7.6,7.4,24.4,2020,4,Q2
E09000013,HAMMERSMITH AND FULHAM,Jul-Sep ,7.3,7.3,7,22.7,2020,7,Q3
E09000013,HAMMERSMITH AND FULHAM,Oct-Dec ,8.2,8.2,12.5,29.2,2020,10,Q4
E09000013,HAMMERSMITH AND FULHAM,Jan-Mar ,5.3,5.2,6.1,22.9,2021,1,Q1
E09000013,HAMMERSMITH AND FULHAM,Apr-Jun ,5.2,5.3,7.2,27.6,2021,4,Q2
E09000013,HAMMERSMITH AND FULHAM,Jul-Sep ,5.5,5.5,8.1,28,2021,7,Q3
E09000013,HAMMERSMITH AND FULHAM,Oct-Dec ,3,3,9.4,20.3,2021,10,Q4
E09000014,HARINGEY,Jan-Mar ,8.3,8.3,14.5,33.5,2012,1,Q1
E09000014,HARINGEY,Apr-Jun ,8.8,8.8,15.1,29.4,2012,4,Q2
E09000014,HARINGEY,Jul-Sep ,9,9,17.4,34.4,2012,7,Q3
E09000014,HARINGEY,Oct-Dec ,9.5,9.4,20,32.1,2012,10,Q4
E09000014,HARINGEY,Jan-Mar ,8.6,8.4,17.2,31.2,2013,1,Q1
E09000014,HARINGEY,Apr-Jun ,8.9,8.6,17.6,32.4,2013,4,Q2
E09000014,HARINGEY,Jul-Sep ,8.4,8.2,15.7,29.1,2013,7,Q3
E09000014,HARINGEY,Oct-Dec ,8.3,8.1,14.1,31,2013,10,Q4
E09000014,HARINGEY,Jan-Mar ,8.3,8.1,13.3,33.5,2014,1,Q1
E09000014,HARINGEY,Apr-Jun ,7.2,7.1,11.5,32,2014,4,Q2
E09000014,HARINGEY,Jul-Sep ,6.2,6,10.5,35.6,2014,7,Q3
E09000014,HARINGEY,Oct-Dec ,5.6,5.5,9.7,34.9,2014,10,Q4
E09000014,HARINGEY,Jan-Mar ,5.6,5.5,11.6,34.1,2015,1,Q1
E09000014,HARINGEY,Apr-Jun ,6.3,6.1,12.1,31.9,2015,4,Q2
E09000014,HARINGEY,Jul-Sep ,5.6,5.5,10.5,26.9,2015,7,Q3
E09000014,HARINGEY,Oct-Dec ,4.7,4.6,7.8,30.5,2015,10,Q4
E09000014,HARINGEY,Jan-Mar ,4.7,4.5,6.6,29.7,2016,1,Q1
E09000014,HARINGEY,Apr-Jun ,3.9,3.8,6,29.7,2016,4,Q2
E09000014,HARINGEY,Jul-Sep ,7,6.8,12.8,32.4,2016,7,Q3
E09000014,HARINGEY,Oct-Dec ,8.1,7.8,14,34.1,2016,10,Q4
E09000014,HARINGEY,Jan-Mar ,7.8,7.5,15.6,37.1,2017,1,Q1
E09000014,HARINGEY,Apr-Jun ,7,6.8,15,35.2,2017,4,Q2
E09000014,HARINGEY,Jul-Sep ,5.7,5.6,12.5,35.8,2017,7,Q3
E09000014,HARINGEY,Oct-Dec ,5.1,5,13,31.4,2017,10,Q4
E09000014,HARINGEY,Jan-Mar ,4.9,4.8,11.5,31.9,2018,1,Q1
E09000014,HARINGEY,Apr-Jun ,5.5,5.4,12.5,31.1,2018,4,Q2
E09000014,HARINGEY,Jul-Sep ,3.8,3.7,7.9,30.3,2018,7,Q3
E09000014,HARINGEY,Oct-Dec ,2.8,2.7,5.1,31.8,2018,10,Q4
E09000014,HARINGEY,Jan-Mar ,2.8,2.7,4,26.2,2019,1,Q1
E09000014,HARINGEY,Apr-Jun ,2.9,2.8,12.4,27.6,2019,4,Q2
E09000014,HARINGEY,Jul-Sep ,2.4,2.3,11.9,27.6,2019,7,Q3
E09000014,HARINGEY,Oct-Dec ,3,2.9,14.1,25,2019,10,Q4
E09000014,HARINGEY,Jan-Mar ,5.4,5.3,8.1,29.3,2020,1,Q1
E09000014,HARINGEY,Apr-Jun ,6.4,6.3,12.1,29.8,2020,4,Q2
E09000014,HARINGEY,Jul-Sep ,7.3,7,10.8,29,2020,7,Q3
E09000014,HARINGEY,Oct-Dec ,5.8,5.7,10,32,2020,10,Q4
E09000014,HARINGEY,Jan-Mar ,4.6,4.5,7.5,30,2021,1,Q1
E09000014,HARINGEY,Apr-Jun ,3.2,3.1,5.4,31,2021,4,Q2
E09000014,HARINGEY,Jul-Sep ,3.4,3.3,5.1,30.4,2021,7,Q3
E09000014,HARINGEY,Oct-Dec ,4.1,4,5.7,27.2,2021,10,Q4
E09000015,HARROW,Jan-Mar ,8.5,8.4,9.7,25,2012,1,Q1
E09000015,HARROW,Apr-Jun ,8.6,8.4,9.6,25.5,2012,4,Q2
E09000015,HARROW,Jul-Sep ,9,8.9,10.5,27.1,2012,7,Q3
E09000015,HARROW,Oct-Dec ,9.1,8.8,11.6,27,2012,10,Q4
E09000015,HARROW,Jan-Mar ,9.9,9.6,11.6,29,2013,1,Q1
E09000015,HARROW,Apr-Jun ,9.2,9,11.1,29.2,2013,4,Q2
E09000015,HARROW,Jul-Sep ,8.6,8.3,10.1,27.6,2013,7,Q3
E09000015,HARROW,Oct-Dec ,6.6,6.4,8.4,27.1,2013,10,Q4
E09000015,HARROW,Jan-Mar ,5.2,5,8.1,26.9,2014,1,Q1
E09000015,HARROW,Apr-Jun ,4.6,4.4,6.7,25.7,2014,4,Q2
E09000015,HARROW,Jul-Sep ,4.1,4,6.2,26.9,2014,7,Q3
E09000015,HARROW,Oct-Dec ,4.8,4.7,6.6,26,2014,10,Q4
E09000015,HARROW,Jan-Mar ,4.7,4.5,6,26.3,2015,1,Q1
E09000015,HARROW,Apr-Jun ,4.9,4.7,6.4,27.9,2015,4,Q2
E09000015,HARROW,Jul-Sep ,5.4,5.2,7.2,25.4,2015,7,Q3
E09000015,HARROW,Oct-Dec ,5.9,5.6,8.5,25.4,2015,10,Q4
E09000015,HARROW,Jan-Mar ,6.4,6.1,9.8,24.7,2016,1,Q1
E09000015,HARROW,Apr-Jun ,6.4,6.1,10.3,23.7,2016,4,Q2
E09000015,HARROW,Jul-Sep ,5.2,5,8.6,24.9,2016,7,Q3
E09000015,HARROW,Oct-Dec ,4.8,4.5,7.8,24.7,2016,10,Q4
E09000015,HARROW,Jan-Mar ,3.5,3.3,5.4,22.1,2017,1,Q1
E09000015,HARROW,Apr-Jun ,3.2,3.1,4.4,19.9,2017,4,Q2
E09000015,HARROW,Jul-Sep ,2.9,2.8,4.1,20,2017,7,Q3
E09000015,HARROW,Oct-Dec ,2.2,2.1,2.3,20.2,2017,10,Q4
E09000015,HARROW,Jan-Mar ,2.8,2.7,3.1,21.1,2018,1,Q1
E09000015,HARROW,Apr-Jun ,3.9,3.7,5,21.9,2018,4,Q2
E09000015,HARROW,Jul-Sep ,4.5,4.3,5.7,23,2018,7,Q3
E09000015,HARROW,Oct-Dec ,5.2,5.1,6.6,22.6,2018,10,Q4
E09000015,HARROW,Jan-Mar ,5.3,5.1,6.6,27.7,2019,1,Q1
E09000015,HARROW,Apr-Jun ,3.4,3.3,4.2,29.4,2019,4,Q2
E09000015,HARROW,Jul-Sep ,4.8,4.6,4.7,27.2,2019,7,Q3
E09000015,HARROW,Oct-Dec ,5.7,5.5,4.9,30.9,2019,10,Q4
E09000015,HARROW,Jan-Mar ,8.3,8,9.2,25.5,2020,1,Q1
E09000015,HARROW,Apr-Jun ,9.5,9.1,9.5,26.4,2020,4,Q2
E09000015,HARROW,Jul-Sep ,7.9,7.5,7.5,26.7,2020,7,Q3
E09000015,HARROW,Oct-Dec ,6.4,6.1,6.3,21.6,2020,10,Q4
E09000015,HARROW,Jan-Mar ,6.2,6,3.6,17,2021,1,Q1
E09000015,HARROW,Apr-Jun ,6.8,6.6,5.3,14.8,2021,4,Q2
E09000015,HARROW,Jul-Sep ,7.5,7.2,6.9,15.2,2021,7,Q3
E09000015,HARROW,Oct-Dec ,7.7,7.5,7.6,15.2,2021,10,Q4
E09000016,HAVERING,Jan-Mar ,9.3,9.1,10.1,22.4,2012,1,Q1
E09000016,HAVERING,Apr-Jun ,9.7,9.5,9.7,20.2,2012,4,Q2
E09000016,HAVERING,Jul-Sep ,9.5,9.3,8,10.7,2012,7,Q3
E09000016,HAVERING,Oct-Dec ,8.3,8.3,9.7,18.1,2012,10,Q4
E09000016,HAVERING,Jan-Mar ,8.4,8.4,10.4,23.2,2013,1,Q1
E09000016,HAVERING,Apr-Jun ,7.4,7.5,9.6,25.9,2013,4,Q2
E09000016,HAVERING,Jul-Sep ,6.2,6.3,6.8,26.1,2013,7,Q3
E09000016,HAVERING,Oct-Dec ,6.7,6.5,10,24.3,2013,10,Q4
E09000016,HAVERING,Jan-Mar ,6.9,6.8,10,21.2,2014,1,Q1
E09000016,HAVERING,Apr-Jun ,7.2,7.1,9.9,15.5,2014,4,Q2
E09000016,HAVERING,Jul-Sep ,7,6.8,9.1,16.7,2014,7,Q3
E09000016,HAVERING,Oct-Dec ,6.3,6.2,9.1,14.6,2014,10,Q4
E09000016,HAVERING,Jan-Mar ,5.2,5.2,5.8,16.7,2015,1,Q1
E09000016,HAVERING,Apr-Jun ,4.1,4.2,8.7,21.6,2015,4,Q2
E09000016,HAVERING,Jul-Sep ,4.8,4.8,7.1,21.9,2015,7,Q3
E09000016,HAVERING,Oct-Dec ,4.8,4.8,8.9,23.1,2015,10,Q4
E09000016,HAVERING,Jan-Mar ,3.9,4,8.5,17,2016,1,Q1
E09000016,HAVERING,Apr-Jun ,3.7,3.8,8.9,17.4,2016,4,Q2
E09000016,HAVERING,Jul-Sep ,4.4,4.4,6,17.5,2016,7,Q3
E09000016,HAVERING,Oct-Dec ,3.9,4,7.8,16.5,2016,10,Q4
E09000016,HAVERING,Jan-Mar ,4,3.9,7.4,19.3,2017,1,Q1
E09000016,HAVERING,Apr-Jun ,3.6,3.5,6.5,18.4,2017,4,Q2
E09000016,HAVERING,Jul-Sep ,4,3.8,6.4,15.6,2017,7,Q3
E09000016,HAVERING,Oct-Dec ,4.7,4.5,5.7,17.7,2017,10,Q4
E09000016,HAVERING,Jan-Mar ,5,4.8,6,18.1,2018,1,Q1
E09000016,HAVERING,Apr-Jun ,6.1,5.7,3.8,16.3,2018,4,Q2
E09000016,HAVERING,Jul-Sep ,6,5.7,3.7,19.9,2018,7,Q3
E09000016,HAVERING,Oct-Dec ,6.1,5.9,4.8,19.7,2018,10,Q4
E09000016,HAVERING,Jan-Mar ,5.2,5,4.4,20.7,2019,1,Q1
E09000016,HAVERING,Apr-Jun ,4.4,4.1,3.8,23,2019,4,Q2
E09000016,HAVERING,Jul-Sep ,4.7,4.5,3.9,20.9,2019,7,Q3
E09000016,HAVERING,Oct-Dec ,4.1,4.1,3.5,19.3,2019,10,Q4
E09000016,HAVERING,Jan-Mar ,4.1,4.2,3,19.7,2020,1,Q1
E09000016,HAVERING,Apr-Jun ,3.8,3.9,3.4,18.9,2020,4,Q2
E09000016,HAVERING,Jul-Sep ,3.7,3.7,4.1,17.9,2020,7,Q3
E09000016,HAVERING,Oct-Dec ,3.8,3.7,3.8,14.2,2020,10,Q4
E09000016,HAVERING,Jan-Mar ,5.5,5.3,3.7,14.3,2021,1,Q1
E09000016,HAVERING,Apr-Jun ,5.4,5.2,3.7,9.4,2021,4,Q2
E09000016,HAVERING,Jul-Sep ,3.6,3.7,3.3,9.8,2021,7,Q3
E09000016,HAVERING,Oct-Dec ,3.2,3.3,3.3,12.3,2021,10,Q4
E09000017,HILLINGDON,Jan-Mar ,9.8,9.6,14.8,22,2012,1,Q1
E09000017,HILLINGDON,Apr-Jun ,9.3,9.1,14.2,19.9,2012,4,Q2
E09000017,HILLINGDON,Jul-Sep ,11.5,11.3,17.4,19.6,2012,7,Q3
E09000017,HILLINGDON,Oct-Dec ,9.7,9.4,13.6,21.9,2012,10,Q4
E09000017,HILLINGDON,Jan-Mar ,8.6,8.4,10.1,22.2,2013,1,Q1
E09000017,HILLINGDON,Apr-Jun ,8.1,8,9.8,24.8,2013,4,Q2
E09000017,HILLINGDON,Jul-Sep ,6.6,6.6,9.4,24.7,2013,7,Q3
E09000017,HILLINGDON,Oct-Dec ,7.6,7.6,10.6,25.2,2013,10,Q4
E09000017,HILLINGDON,Jan-Mar ,6.7,6.5,10.6,28.5,2014,1,Q1
E09000017,HILLINGDON,Apr-Jun ,6.8,6.6,9.8,26.5,2014,4,Q2
E09000017,HILLINGDON,Jul-Sep ,6,6.1,7.7,23.4,2014,7,Q3
E09000017,HILLINGDON,Oct-Dec ,5.6,5.6,8.3,24.3,2014,10,Q4
E09000017,HILLINGDON,Jan-Mar ,5.6,5.6,8.2,24.2,2015,1,Q1
E09000017,HILLINGDON,Apr-Jun ,4,4.1,6.4,22.3,2015,4,Q2
E09000017,HILLINGDON,Jul-Sep ,3.2,3.1,4.7,24.1,2015,7,Q3
E09000017,HILLINGDON,Oct-Dec ,3.2,3.1,5,23,2015,10,Q4
E09000017,HILLINGDON,Jan-Mar ,3.9,3.8,4.2,18.5,2016,1,Q1
E09000017,HILLINGDON,Apr-Jun ,5.8,5.6,6.9,20.6,2016,4,Q2
E09000017,HILLINGDON,Jul-Sep ,6,5.8,5.9,20.7,2016,7,Q3
E09000017,HILLINGDON,Oct-Dec ,6.5,6.3,6.5,22.1,2016,10,Q4
E09000017,HILLINGDON,Jan-Mar ,5.5,5.3,7.4,22.8,2017,1,Q1
E09000017,HILLINGDON,Apr-Jun ,4.4,4.2,5.6,24.6,2017,4,Q2
E09000017,HILLINGDON,Jul-Sep ,4.3,4.2,6.3,25.5,2017,7,Q3
E09000017,HILLINGDON,Oct-Dec ,3.5,3.6,5.5,25.1,2017,10,Q4
E09000017,HILLINGDON,Jan-Mar ,4.1,4.2,6.1,25.4,2018,1,Q1
E09000017,HILLINGDON,Apr-Jun ,3.8,4,5.3,28.4,2018,4,Q2
E09000017,HILLINGDON,Jul-Sep ,4.9,5.2,6.1,28.3,2018,7,Q3
E09000017,HILLINGDON,Oct-Dec ,5.2,5.3,5.5,28.4,2018,10,Q4
E09000017,HILLINGDON,Jan-Mar ,4.7,4.8,4.4,28.7,2019,1,Q1
E09000017,HILLINGDON,Apr-Jun ,5.5,5.6,5.4,24.4,2019,4,Q2
E09000017,HILLINGDON,Jul-Sep ,6.5,6.4,5.8,18.7,2019,7,Q3
E09000017,HILLINGDON,Oct-Dec ,8.4,8.2,7.4,18.6,2019,10,Q4
E09000017,HILLINGDON,Jan-Mar ,9.3,9.3,8.7,17.8,2020,1,Q1
E09000017,HILLINGDON,Apr-Jun ,9.8,9.7,9.3,14.7,2020,4,Q2
E09000017,HILLINGDON,Jul-Sep ,9.4,9.3,8.1,17,2020,7,Q3
E09000017,HILLINGDON,Oct-Dec ,7.3,7.3,5.8,20.3,2020,10,Q4
E09000017,HILLINGDON,Jan-Mar ,7.1,6.7,7.1,21.9,2021,1,Q1
E09000017,HILLINGDON,Apr-Jun ,7.5,7.3,7.2,24.5,2021,4,Q2
E09000017,HILLINGDON,Jul-Sep ,6.5,6.2,7.8,26.7,2021,7,Q3
E09000017,HILLINGDON,Oct-Dec ,5.7,5.6,7,28,2021,10,Q4
E09000018,HOUNSLOW,Jan-Mar ,7.3,7.4,7.9,28.2,2012,1,Q1
E09000018,HOUNSLOW,Apr-Jun ,8.4,8.5,8.8,27.2,2012,4,Q2
E09000018,HOUNSLOW,Jul-Sep ,7.2,7.2,10.3,25.2,2012,7,Q3
E09000018,HOUNSLOW,Oct-Dec ,7.7,7.8,11.2,20.7,2012,10,Q4
E09000018,HOUNSLOW,Jan-Mar ,7.7,7.8,11.5,21.4,2013,1,Q1
E09000018,HOUNSLOW,Apr-Jun ,7.6,7.7,10.9,20,2013,4,Q2
E09000018,HOUNSLOW,Jul-Sep ,6,6.1,7.8,19,2013,7,Q3
E09000018,HOUNSLOW,Oct-Dec ,6.5,6.4,8.3,22.8,2013,10,Q4
E09000018,HOUNSLOW,Jan-Mar ,7.1,6.9,10,22,2014,1,Q1
E09000018,HOUNSLOW,Apr-Jun ,5.8,5.6,8.6,23,2014,4,Q2
E09000018,HOUNSLOW,Jul-Sep ,6.9,6.7,10.3,24.2,2014,7,Q3
E09000018,HOUNSLOW,Oct-Dec ,5.5,5.3,7.7,23.5,2014,10,Q4
E09000018,HOUNSLOW,Jan-Mar ,4.4,4.2,5.1,25.7,2015,1,Q1
E09000018,HOUNSLOW,Apr-Jun ,4.2,4.1,5.2,28.3,2015,4,Q2
E09000018,HOUNSLOW,Jul-Sep ,4.3,4.1,5.3,28.6,2015,7,Q3
E09000018,HOUNSLOW,Oct-Dec ,4.2,4.1,5.8,27.8,2015,10,Q4
E09000018,HOUNSLOW,Jan-Mar ,5.3,5.2,7.6,25.3,2016,1,Q1
E09000018,HOUNSLOW,Apr-Jun ,9.8,9.5,15.4,22.6,2016,4,Q2
E09000018,HOUNSLOW,Jul-Sep ,8.6,8.4,13.6,20,2016,7,Q3
E09000018,HOUNSLOW,Oct-Dec ,9.3,9.1,12.2,19.6,2016,10,Q4
E09000018,HOUNSLOW,Jan-Mar ,8.1,7.9,11.8,18.3,2017,1,Q1
E09000018,HOUNSLOW,Apr-Jun ,4.6,4.5,6.7,18.2,2017,4,Q2
E09000018,HOUNSLOW,Jul-Sep ,5.8,5.7,9.3,18.6,2017,7,Q3
E09000018,HOUNSLOW,Oct-Dec ,4.9,4.8,9.4,18.3,2017,10,Q4
E09000018,HOUNSLOW,Jan-Mar ,6.3,6.2,7.6,17.2,2018,1,Q1
E09000018,HOUNSLOW,Apr-Jun ,6.7,6.5,7,16.5,2018,4,Q2
E09000018,HOUNSLOW,Jul-Sep ,5.5,5.3,3.3,19.2,2018,7,Q3
E09000018,HOUNSLOW,Oct-Dec ,6,6.2,3.4,18.9,2018,10,Q4
E09000018,HOUNSLOW,Jan-Mar ,3.5,3.7,3.6,27.8,2019,1,Q1
E09000018,HOUNSLOW,Apr-Jun ,4.6,4.7,4.9,27.4,2019,4,Q2
E09000018,HOUNSLOW,Jul-Sep ,3.9,4,3.8,28.1,2019,7,Q3
E09000018,HOUNSLOW,Oct-Dec ,2.9,2.8,2.6,27.2,2019,10,Q4
E09000018,HOUNSLOW,Jan-Mar ,5.4,5.1,8.5,22.4,2020,1,Q1
E09000018,HOUNSLOW,Apr-Jun ,5.6,5.3,8.1,25.4,2020,4,Q2
E09000018,HOUNSLOW,Jul-Sep ,6.2,6,8.3,24.7,2020,7,Q3
E09000018,HOUNSLOW,Oct-Dec ,7.6,7.3,10.2,23.4,2020,10,Q4
E09000018,HOUNSLOW,Jan-Mar ,4.7,4.5,4.3,18.7,2021,1,Q1
E09000018,HOUNSLOW,Apr-Jun ,3.9,3.8,8.8,16.9,2021,4,Q2
E09000018,HOUNSLOW,Jul-Sep ,5.2,5,5.8,17.1,2021,7,Q3
E09000018,HOUNSLOW,Oct-Dec ,4.1,3.9,4.8,20.3,2021,10,Q4
E09000019,ISLINGTON,Jan-Mar ,9,8.9,14.7,32.8,2012,1,Q1
E09000019,ISLINGTON,Apr-Jun ,9.8,9.7,18.9,35.7,2012,4,Q2
E09000019,ISLINGTON,Jul-Sep ,10.7,10.6,18.7,39.7,2012,7,Q3
E09000019,ISLINGTON,Oct-Dec ,10,9.9,16.7,40,2012,10,Q4
E09000019,ISLINGTON,Jan-Mar ,9.2,9.1,14.3,40.2,2013,1,Q1
E09000019,ISLINGTON,Apr-Jun ,8.3,8.1,13,41.1,2013,4,Q2
E09000019,ISLINGTON,Jul-Sep ,6.9,6.8,10.7,37.9,2013,7,Q3
E09000019,ISLINGTON,Oct-Dec ,6.2,6.1,11.7,38.5,2013,10,Q4
E09000019,ISLINGTON,Jan-Mar ,7.1,6.9,13.2,42.1,2014,1,Q1
E09000019,ISLINGTON,Apr-Jun ,6.9,6.8,10.8,36.3,2014,4,Q2
E09000019,ISLINGTON,Jul-Sep ,5.9,5.8,10,44.8,2014,7,Q3
E09000019,ISLINGTON,Oct-Dec ,6.2,6,9.7,40.5,2014,10,Q4
E09000019,ISLINGTON,Jan-Mar ,4.6,4.5,8.7,35.5,2015,1,Q1
E09000019,ISLINGTON,Apr-Jun ,5.1,4.9,9.5,34.6,2015,4,Q2
E09000019,ISLINGTON,Jul-Sep ,6.4,6.3,12,29.8,2015,7,Q3
E09000019,ISLINGTON,Oct-Dec ,6.4,6.3,11.2,34.5,2015,10,Q4
E09000019,ISLINGTON,Jan-Mar ,7.1,6.9,10.2,36.4,2016,1,Q1
E09000019,ISLINGTON,Apr-Jun ,6.8,6.7,11.6,37.7,2016,4,Q2
E09000019,ISLINGTON,Jul-Sep ,5.3,5.3,11.7,38.6,2016,7,Q3
E09000019,ISLINGTON,Oct-Dec ,4.5,4.6,9.6,32.8,2016,10,Q4
E09000019,ISLINGTON,Jan-Mar ,3.5,3.6,8.4,31.6,2017,1,Q1
E09000019,ISLINGTON,Apr-Jun ,4.2,4.3,10.5,27.5,2017,4,Q2
E09000019,ISLINGTON,Jul-Sep ,3.8,3.7,8.3,28.2,2017,7,Q3
E09000019,ISLINGTON,Oct-Dec ,4.5,4.4,8.7,31.3,2017,10,Q4
E09000019,ISLINGTON,Jan-Mar ,5.2,5,10.9,35.9,2018,1,Q1
E09000019,ISLINGTON,Apr-Jun ,3.2,3.1,5.3,41.1,2018,4,Q2
E09000019,ISLINGTON,Jul-Sep ,4.7,4.6,9.5,34.9,2018,7,Q3
E09000019,ISLINGTON,Oct-Dec ,3.8,3.8,9.2,34.4,2018,10,Q4
E09000019,ISLINGTON,Jan-Mar ,4.2,4.2,9.4,26.1,2019,1,Q1
E09000019,ISLINGTON,Apr-Jun ,5.1,5.1,7.4,23.7,2019,4,Q2
E09000019,ISLINGTON,Jul-Sep ,3.5,3.5,3.6,22.2,2019,7,Q3
E09000019,ISLINGTON,Oct-Dec ,4,3.9,8.1,23.2,2019,10,Q4
E09000019,ISLINGTON,Jan-Mar ,4.8,4.9,11.8,29.5,2020,1,Q1
E09000019,ISLINGTON,Apr-Jun ,5.7,5.8,12,32.7,2020,4,Q2
E09000019,ISLINGTON,Jul-Sep ,5,5,10.1,34.6,2020,7,Q3
E09000019,ISLINGTON,Oct-Dec ,5.2,5.3,3.7,31.5,2020,10,Q4
E09000019,ISLINGTON,Jan-Mar ,4.4,4.3,4.7,29.6,2021,1,Q1
E09000019,ISLINGTON,Apr-Jun ,3.1,3.2,7.6,28,2021,4,Q2
E09000019,ISLINGTON,Jul-Sep ,3.6,3.7,10.9,25.6,2021,7,Q3
E09000019,ISLINGTON,Oct-Dec ,4.2,4.2,13.4,26,2021,10,Q4
E09000020,KENSINGTON AND CHELSEA,Jan-Mar ,5.4,5.2,12.4,39.7,2012,1,Q1
E09000020,KENSINGTON AND CHELSEA,Apr-Jun ,5.5,5.3,11.7,37,2012,4,Q2
E09000020,KENSINGTON AND CHELSEA,Jul-Sep ,6.7,6.6,14.8,35.9,2012,7,Q3
E09000020,KENSINGTON AND CHELSEA,Oct-Dec ,5.5,5.5,13.1,35.6,2012,10,Q4
E09000020,KENSINGTON AND CHELSEA,Jan-Mar ,7.1,7.2,15.9,32.5,2013,1,Q1
E09000020,KENSINGTON AND CHELSEA,Apr-Jun ,8.8,8.8,17.3,32.8,2013,4,Q2
E09000020,KENSINGTON AND CHELSEA,Jul-Sep ,7.8,7.6,15.3,30.8,2013,7,Q3
E09000020,KENSINGTON AND CHELSEA,Oct-Dec ,8.1,7.9,13.1,28,2013,10,Q4
E09000020,KENSINGTON AND CHELSEA,Jan-Mar ,6.9,6.8,10.1,27.6,2014,1,Q1
E09000020,KENSINGTON AND CHELSEA,Apr-Jun ,5.1,5,7.8,29.7,2014,4,Q2
E09000020,KENSINGTON AND CHELSEA,Jul-Sep ,5.5,5.5,8.3,30.3,2014,7,Q3
E09000020,KENSINGTON AND CHELSEA,Oct-Dec ,5.8,5.8,11,30.5,2014,10,Q4
E09000020,KENSINGTON AND CHELSEA,Jan-Mar ,4.4,4.1,7.9,31.5,2015,1,Q1
E09000020,KENSINGTON AND CHELSEA,Apr-Jun ,4.6,4.4,9.4,28.3,2015,4,Q2
E09000020,KENSINGTON AND CHELSEA,Jul-Sep ,5.8,5.5,12.1,31.9,2015,7,Q3
E09000020,KENSINGTON AND CHELSEA,Oct-Dec ,7.5,7.1,13.9,33.2,2015,10,Q4
E09000020,KENSINGTON AND CHELSEA,Jan-Mar ,8.6,8.1,16.3,33.6,2016,1,Q1
E09000020,KENSINGTON AND CHELSEA,Apr-Jun ,9.7,9.1,18.2,36.5,2016,4,Q2
E09000020,KENSINGTON AND CHELSEA,Jul-Sep ,8.1,7.6,13.8,31.5,2016,7,Q3
E09000020,KENSINGTON AND CHELSEA,Oct-Dec ,7.2,6.8,10.8,29.7,2016,10,Q4
E09000020,KENSINGTON AND CHELSEA,Jan-Mar ,8.3,7.8,11.8,27.9,2017,1,Q1
E09000020,KENSINGTON AND CHELSEA,Apr-Jun ,10.3,9.8,16.6,27.9,2017,4,Q2
E09000020,KENSINGTON AND CHELSEA,Jul-Sep ,9.6,9,15.7,30.8,2017,7,Q3
E09000020,KENSINGTON AND CHELSEA,Oct-Dec ,9.3,8.6,17.1,35.5,2017,10,Q4
E09000020,KENSINGTON AND CHELSEA,Jan-Mar ,8.6,7.8,15.3,38.9,2018,1,Q1
E09000020,KENSINGTON AND CHELSEA,Apr-Jun ,5.9,5.4,10.3,39.8,2018,4,Q2
E09000020,KENSINGTON AND CHELSEA,Jul-Sep ,5.8,5.4,11.6,43.1,2018,7,Q3
E09000020,KENSINGTON AND CHELSEA,Oct-Dec ,5,4.7,8.5,42,2018,10,Q4
E09000020,KENSINGTON AND CHELSEA,Jan-Mar ,5.7,5.4,11.5,40,2019,1,Q1
E09000020,KENSINGTON AND CHELSEA,Apr-Jun ,5,4.7,10.8,41.6,2019,4,Q2
E09000020,KENSINGTON AND CHELSEA,Jul-Sep ,5.7,5.4,13.2,36.3,2019,7,Q3
E09000020,KENSINGTON AND CHELSEA,Oct-Dec ,5.6,5.3,16.1,32.6,2019,10,Q4
E09000020,KENSINGTON AND CHELSEA,Jan-Mar ,5.8,5.5,11.7,31.6,2020,1,Q1
E09000020,KENSINGTON AND CHELSEA,Apr-Jun ,5.2,5,8.1,28.2,2020,4,Q2
E09000020,KENSINGTON AND CHELSEA,Jul-Sep ,4.7,4.5,4.9,35.5,2020,7,Q3
E09000020,KENSINGTON AND CHELSEA,Oct-Dec ,5.4,5.5,10,34.4,2020,10,Q4
E09000020,KENSINGTON AND CHELSEA,Jan-Mar ,3.8,4,9.2,30.4,2021,1,Q1
E09000020,KENSINGTON AND CHELSEA,Apr-Jun ,4.7,4.8,8.5,28.8,2021,4,Q2
E09000020,KENSINGTON AND CHELSEA,Jul-Sep ,4.9,5,8.3,23.5,2021,7,Q3
E09000020,KENSINGTON AND CHELSEA,Oct-Dec ,3.3,3.2,9.4,29.6,2021,10,Q4
E09000021,KINGSTON UPON THAMES,Jan-Mar ,7.1,6.8,11.7,39,2012,1,Q1
E09000021,KINGSTON UPON THAMES,Apr-Jun ,7.2,6.9,11.4,37.7,2012,4,Q2
E09000021,KINGSTON UPON THAMES,Jul-Sep ,5,4.8,8.4,33.3,2012,7,Q3
E09000021,KINGSTON UPON THAMES,Oct-Dec ,5.7,5.5,8.4,32.2,2012,10,Q4
E09000021,KINGSTON UPON THAMES,Jan-Mar ,6.2,6.1,6.6,28.8,2013,1,Q1
E09000021,KINGSTON UPON THAMES,Apr-Jun ,6,6.1,6.3,23.7,2013,4,Q2
E09000021,KINGSTON UPON THAMES,Jul-Sep ,6.6,6.7,9.1,21,2013,7,Q3
E09000021,KINGSTON UPON THAMES,Oct-Dec ,5.5,5.7,8.2,23.7,2013,10,Q4
E09000021,KINGSTON UPON THAMES,Jan-Mar ,5.1,5.3,8.4,26.8,2014,1,Q1
E09000021,KINGSTON UPON THAMES,Apr-Jun ,4.7,4.7,7.6,25.9,2014,4,Q2
E09000021,KINGSTON UPON THAMES,Jul-Sep ,4.6,4.6,4.8,29.4,2014,7,Q3
E09000021,KINGSTON UPON THAMES,Oct-Dec ,4,3.8,8.8,30.4,2014,10,Q4
E09000021,KINGSTON UPON THAMES,Jan-Mar ,4.6,4.5,4.7,30.8,2015,1,Q1
E09000021,KINGSTON UPON THAMES,Apr-Jun ,5.1,4.9,4.5,31.4,2015,4,Q2
E09000021,KINGSTON UPON THAMES,Jul-Sep ,4.5,4.4,7.6,33.9,2015,7,Q3
E09000021,KINGSTON UPON THAMES,Oct-Dec ,5.6,5.4,10.7,32.2,2015,10,Q4
E09000021,KINGSTON UPON THAMES,Jan-Mar ,4.5,4.4,10.3,29.1,2016,1,Q1
E09000021,KINGSTON UPON THAMES,Apr-Jun ,4.6,4.6,11.7,34.2,2016,4,Q2
E09000021,KINGSTON UPON THAMES,Jul-Sep ,3.5,3.5,7.8,29.6,2016,7,Q3
E09000021,KINGSTON UPON THAMES,Oct-Dec ,3.3,3.4,4.4,33,2016,10,Q4
E09000021,KINGSTON UPON THAMES,Jan-Mar ,3.2,3.3,2.7,28.2,2017,1,Q1
E09000021,KINGSTON UPON THAMES,Apr-Jun ,4.3,4.2,3.2,26.1,2017,4,Q2
E09000021,KINGSTON UPON THAMES,Jul-Sep ,5.4,5.3,4.4,27.2,2017,7,Q3
E09000021,KINGSTON UPON THAMES,Oct-Dec ,6.4,6.3,7.9,26.5,2017,10,Q4
E09000021,KINGSTON UPON THAMES,Jan-Mar ,7.1,7,9.3,29.2,2018,1,Q1
E09000021,KINGSTON UPON THAMES,Apr-Jun ,5.8,5.6,9.3,32.8,2018,4,Q2
E09000021,KINGSTON UPON THAMES,Jul-Sep ,5.7,5.5,8.4,28.5,2018,7,Q3
E09000021,KINGSTON UPON THAMES,Oct-Dec ,3.1,3,6.1,27.7,2018,10,Q4
E09000021,KINGSTON UPON THAMES,Jan-Mar ,3,2.9,5.7,30.2,2019,1,Q1
E09000021,KINGSTON UPON THAMES,Apr-Jun ,3.8,3.8,7.1,24.8,2019,4,Q2
E09000021,KINGSTON UPON THAMES,Jul-Sep ,3.6,3.7,6.9,24.4,2019,7,Q3
E09000021,KINGSTON UPON THAMES,Oct-Dec ,4.8,4.8,5.6,22.6,2019,10,Q4
E09000021,KINGSTON UPON THAMES,Jan-Mar ,4.8,4.8,6.7,20.8,2020,1,Q1
E09000021,KINGSTON UPON THAMES,Apr-Jun ,4.2,4,5.5,20.7,2020,4,Q2
E09000021,KINGSTON UPON THAMES,Jul-Sep ,5.4,5.2,4.7,25.3,2020,7,Q3
E09000021,KINGSTON UPON THAMES,Oct-Dec ,3.5,3.4,7.2,24.2,2020,10,Q4
E09000021,KINGSTON UPON THAMES,Jan-Mar ,3.1,3,6.7,22.3,2021,1,Q1
E09000021,KINGSTON UPON THAMES,Apr-Jun ,3,2.9,6.3,18.1,2021,4,Q2
E09000021,KINGSTON UPON THAMES,Jul-Sep ,1.6,1.6,5.9,19.3,2021,7,Q3
E09000021,KINGSTON UPON THAMES,Oct-Dec ,2.3,2.3,5.8,25.5,2021,10,Q4
E09000022,LAMBETH,Jan-Mar ,10.6,10.7,20.8,26.9,2012,1,Q1
E09000022,LAMBETH,Apr-Jun ,8.1,8.2,18.8,27.6,2012,4,Q2
E09000022,LAMBETH,Jul-Sep ,8,7.9,18.3,29.5,2012,7,Q3
E09000022,LAMBETH,Oct-Dec ,9,8.9,18.3,27.7,2012,10,Q4
E09000022,LAMBETH,Jan-Mar ,8,7.8,18.8,24.4,2013,1,Q1
E09000022,LAMBETH,Apr-Jun ,8.4,8.4,19.7,27.6,2013,4,Q2
E09000022,LAMBETH,Jul-Sep ,6.7,6.8,16.6,26.4,2013,7,Q3
E09000022,LAMBETH,Oct-Dec ,6.2,6.3,12.8,25.7,2013,10,Q4
E09000022,LAMBETH,Jan-Mar ,6.2,6.3,10.6,26.2,2014,1,Q1
E09000022,LAMBETH,Apr-Jun ,6.2,6.1,9.9,27.3,2014,4,Q2
E09000022,LAMBETH,Jul-Sep ,7.3,7.2,9.1,27.8,2014,7,Q3
E09000022,LAMBETH,Oct-Dec ,6,5.9,7.9,26.6,2014,10,Q4
E09000022,LAMBETH,Jan-Mar ,6.1,5.9,9.4,26.9,2015,1,Q1
E09000022,LAMBETH,Apr-Jun ,6.5,6.4,13.7,22.7,2015,4,Q2
E09000022,LAMBETH,Jul-Sep ,7,6.9,18,21.3,2015,7,Q3
E09000022,LAMBETH,Oct-Dec ,8.1,8,19.6,25.1,2015,10,Q4
E09000022,LAMBETH,Jan-Mar ,6,5.9,13.6,18.9,2016,1,Q1
E09000022,LAMBETH,Apr-Jun ,5.7,5.5,10.9,21.5,2016,4,Q2
E09000022,LAMBETH,Jul-Sep ,5.7,5.6,10.3,16.8,2016,7,Q3
E09000022,LAMBETH,Oct-Dec ,5.1,5.1,8.4,14.7,2016,10,Q4
E09000022,LAMBETH,Jan-Mar ,5,5,5.8,19.3,2017,1,Q1
E09000022,LAMBETH,Apr-Jun ,5.6,5.7,9.2,20.7,2017,4,Q2
E09000022,LAMBETH,Jul-Sep ,5.1,5.2,9.2,23.5,2017,7,Q3
E09000022,LAMBETH,Oct-Dec ,6.6,6.6,11.7,23.2,2017,10,Q4
E09000022,LAMBETH,Jan-Mar ,7.1,7.1,13,25.2,2018,1,Q1
E09000022,LAMBETH,Apr-Jun ,6.2,6.1,10.5,22.3,2018,4,Q2
E09000022,LAMBETH,Jul-Sep ,6.9,6.8,9.2,17.1,2018,7,Q3
E09000022,LAMBETH,Oct-Dec ,6.3,6.3,7,17.6,2018,10,Q4
E09000022,LAMBETH,Jan-Mar ,6,5.9,6.6,15.2,2019,1,Q1
E09000022,LAMBETH,Apr-Jun ,6.8,6.7,8.7,19.6,2019,4,Q2
E09000022,LAMBETH,Jul-Sep ,6.3,6.2,9.1,22.5,2019,7,Q3
E09000022,LAMBETH,Oct-Dec ,7.4,7.3,13.7,19.2,2019,10,Q4
E09000022,LAMBETH,Jan-Mar ,8.7,8.4,13.4,17.5,2020,1,Q1
E09000022,LAMBETH,Apr-Jun ,7.2,7,10.2,13,2020,4,Q2
E09000022,LAMBETH,Jul-Sep ,8.3,8.1,11.6,17.1,2020,7,Q3
E09000022,LAMBETH,Oct-Dec ,5.8,5.6,6.2,21.8,2020,10,Q4
E09000022,LAMBETH,Jan-Mar ,4.5,4.4,5.5,23.2,2021,1,Q1
E09000022,LAMBETH,Apr-Jun ,4.8,4.6,7.4,25.1,2021,4,Q2
E09000022,LAMBETH,Jul-Sep ,3.5,3.3,7.2,15.5,2021,7,Q3
E09000022,LAMBETH,Oct-Dec ,4.1,3.9,7.9,22.1,2021,10,Q4
E09000023,LEWISHAM,Jan-Mar ,10.1,10,15.4,32.1,2012,1,Q1
E09000023,LEWISHAM,Apr-Jun ,10.1,10,16.9,33.3,2012,4,Q2
E09000023,LEWISHAM,Jul-Sep ,10.8,10.8,18.5,27.5,2012,7,Q3
E09000023,LEWISHAM,Oct-Dec ,10.9,10.8,16.6,28.1,2012,10,Q4
E09000023,LEWISHAM,Jan-Mar ,10.8,10.7,14.9,23.8,2013,1,Q1
E09000023,LEWISHAM,Apr-Jun ,8.9,8.8,10.6,22.8,2013,4,Q2
E09000023,LEWISHAM,Jul-Sep ,7.6,7.5,8.9,23,2013,7,Q3
E09000023,LEWISHAM,Oct-Dec ,6.3,6.2,7.7,23,2013,10,Q4
E09000023,LEWISHAM,Jan-Mar ,5.3,5.2,6.9,23.7,2014,1,Q1
E09000023,LEWISHAM,Apr-Jun ,5.1,5,5.7,22.7,2014,4,Q2
E09000023,LEWISHAM,Jul-Sep ,4.9,4.8,3.2,22,2014,7,Q3
E09000023,LEWISHAM,Oct-Dec ,4.6,4.5,2.8,20.8,2014,10,Q4
E09000023,LEWISHAM,Jan-Mar ,5.8,5.7,5.1,19.5,2015,1,Q1
E09000023,LEWISHAM,Apr-Jun ,6.7,6.5,6.6,19.8,2015,4,Q2
E09000023,LEWISHAM,Jul-Sep ,8,8.1,11.1,21.7,2015,7,Q3
E09000023,LEWISHAM,Oct-Dec ,8.2,8.4,11.9,21.5,2015,10,Q4
E09000023,LEWISHAM,Jan-Mar ,6.6,6.7,10.8,21.2,2016,1,Q1
E09000023,LEWISHAM,Apr-Jun ,5.3,5.4,8,20,2016,4,Q2
E09000023,LEWISHAM,Jul-Sep ,4.1,4.1,6,21,2016,7,Q3
E09000023,LEWISHAM,Oct-Dec ,4.3,4.2,6.9,21,2016,10,Q4
E09000023,LEWISHAM,Jan-Mar ,4,4,7.2,18,2017,1,Q1
E09000023,LEWISHAM,Apr-Jun ,3.6,3.6,6.7,17.9,2017,4,Q2
E09000023,LEWISHAM,Jul-Sep ,5.1,5,8,20.2,2017,7,Q3
E09000023,LEWISHAM,Oct-Dec ,4,4,6.6,20,2017,10,Q4
E09000023,LEWISHAM,Jan-Mar ,4.5,4.4,6.4,23.3,2018,1,Q1
E09000023,LEWISHAM,Apr-Jun ,5.4,5.4,7.7,24.7,2018,4,Q2
E09000023,LEWISHAM,Jul-Sep ,3.9,3.8,6.1,23.9,2018,7,Q3
E09000023,LEWISHAM,Oct-Dec ,4.8,4.7,6.6,24.1,2018,10,Q4
E09000023,LEWISHAM,Jan-Mar ,4.8,4.8,7.2,21.7,2019,1,Q1
E09000023,LEWISHAM,Apr-Jun ,3.9,3.9,7.9,22.9,2019,4,Q2
E09000023,LEWISHAM,Jul-Sep ,4.2,4.1,8.8,19.5,2019,7,Q3
E09000023,LEWISHAM,Oct-Dec ,4.8,4.7,11,18.3,2019,10,Q4
E09000023,LEWISHAM,Jan-Mar ,5,4.8,10.8,20.8,2020,1,Q1
E09000023,LEWISHAM,Apr-Jun ,5.8,5.6,10.9,22.2,2020,4,Q2
E09000023,LEWISHAM,Jul-Sep ,5.5,5.3,10.8,25.3,2020,7,Q3
E09000023,LEWISHAM,Oct-Dec ,5.3,5.2,10.4,29.4,2020,10,Q4
E09000023,LEWISHAM,Jan-Mar ,4.7,4.6,9.2,31.1,2021,1,Q1
E09000023,LEWISHAM,Apr-Jun ,3.1,3,5.9,29.7,2021,4,Q2
E09000023,LEWISHAM,Jul-Sep ,2.1,2.1,3.9,27.3,2021,7,Q3
E09000023,LEWISHAM,Oct-Dec ,2.8,2.8,4.3,21,2021,10,Q4
E09000024,MERTON,Jan-Mar ,7.3,7.2,13.3,23.8,2012,1,Q1
E09000024,MERTON,Apr-Jun ,6.7,6.6,11.1,24.2,2012,4,Q2
E09000024,MERTON,Jul-Sep ,6.3,6.1,9.8,26.7,2012,7,Q3
E09000024,MERTON,Oct-Dec ,4.7,4.6,7.1,29.2,2012,10,Q4
E09000024,MERTON,Jan-Mar ,4.9,4.8,7.5,31.8,2013,1,Q1
E09000024,MERTON,Apr-Jun ,6,5.8,6.6,31.3,2013,4,Q2
E09000024,MERTON,Jul-Sep ,6.5,6.3,8.7,29.2,2013,7,Q3
E09000024,MERTON,Oct-Dec ,6.6,6.5,9.2,27.2,2013,10,Q4
E09000024,MERTON,Jan-Mar ,7,6.9,9.4,27.2,2014,1,Q1
E09000024,MERTON,Apr-Jun ,6.2,6.1,8.8,26.3,2014,4,Q2
E09000024,MERTON,Jul-Sep ,5.4,5.3,7.8,27.8,2014,7,Q3
E09000024,MERTON,Oct-Dec ,5.9,5.8,9,28.3,2014,10,Q4
E09000024,MERTON,Jan-Mar ,4.5,4.5,7,24.3,2015,1,Q1
E09000024,MERTON,Apr-Jun ,3.8,4.1,8.4,20.6,2015,4,Q2
E09000024,MERTON,Jul-Sep ,3.7,3.9,7.6,23.2,2015,7,Q3
E09000024,MERTON,Oct-Dec ,3.7,4,9,22.6,2015,10,Q4
E09000024,MERTON,Jan-Mar ,3.2,3.3,7.5,25.7,2016,1,Q1
E09000024,MERTON,Apr-Jun ,2.8,2.8,6.7,26.2,2016,4,Q2
E09000024,MERTON,Jul-Sep ,3.2,3,5.6,23.1,2016,7,Q3
E09000024,MERTON,Oct-Dec ,2.5,2.4,3.6,25.6,2016,10,Q4
E09000024,MERTON,Jan-Mar ,2.4,2.3,2.4,24.1,2017,1,Q1
E09000024,MERTON,Apr-Jun ,2,2.1,2,23.2,2017,4,Q2
E09000024,MERTON,Jul-Sep ,1.1,1.2,2.8,23.7,2017,7,Q3
E09000024,MERTON,Oct-Dec ,2.4,2.5,4.2,21.6,2017,10,Q4
E09000024,MERTON,Jan-Mar ,3.8,3.9,7.5,18.4,2018,1,Q1
E09000024,MERTON,Apr-Jun ,3.9,3.8,6.3,21.7,2018,4,Q2
E09000024,MERTON,Jul-Sep ,4.3,4.2,6.4,20.6,2018,7,Q3
E09000024,MERTON,Oct-Dec ,4.3,4.2,7.6,20.6,2018,10,Q4
E09000024,MERTON,Jan-Mar ,4.6,4.5,9,20.4,2019,1,Q1
E09000024,MERTON,Apr-Jun ,6.1,5.8,12.1,19.2,2019,4,Q2
E09000024,MERTON,Jul-Sep ,6.4,6.1,13.4,16.8,2019,7,Q3
E09000024,MERTON,Oct-Dec ,6.5,6.2,14.7,17.4,2019,10,Q4
E09000024,MERTON,Jan-Mar ,6.3,6.1,12.2,21.7,2020,1,Q1
E09000024,MERTON,Apr-Jun ,5.5,5.3,7.5,22.3,2020,4,Q2
E09000024,MERTON,Jul-Sep ,5.6,5.4,7.7,26.6,2020,7,Q3
E09000024,MERTON,Oct-Dec ,5.7,5.5,5.9,23.3,2020,10,Q4
E09000024,MERTON,Jan-Mar ,4.8,4.6,4.5,19.8,2021,1,Q1
E09000024,MERTON,Apr-Jun ,4,3.8,5.6,22.3,2021,4,Q2
E09000024,MERTON,Jul-Sep ,2.9,2.7,3.7,21.4,2021,7,Q3
E09000024,MERTON,Oct-Dec ,1.1,1.1,9.1,20.7,2021,10,Q4
E09000025,NEWHAM,Jan-Mar ,14.7,14.7,19.1,31.3,2012,1,Q1
E09000025,NEWHAM,Apr-Jun ,13.9,13.9,17.5,32.1,2012,4,Q2
E09000025,NEWHAM,Jul-Sep ,12.4,12.3,14.9,31.6,2012,7,Q3
E09000025,NEWHAM,Oct-Dec ,11.2,11.2,14,30.3,2012,10,Q4
E09000025,NEWHAM,Jan-Mar ,12.1,12,14.3,31,2013,1,Q1
E09000025,NEWHAM,Apr-Jun ,11.3,11.2,13.8,33.2,2013,4,Q2
E09000025,NEWHAM,Jul-Sep ,13,12.9,16.3,32.6,2013,7,Q3
E09000025,NEWHAM,Oct-Dec ,12.2,12.1,14.1,33.7,2013,10,Q4
E09000025,NEWHAM,Jan-Mar ,10,10,11.8,34.6,2014,1,Q1
E09000025,NEWHAM,Apr-Jun ,10.8,10.7,12.4,31.6,2014,4,Q2
E09000025,NEWHAM,Jul-Sep ,8.6,8.5,10.2,31.4,2014,7,Q3
E09000025,NEWHAM,Oct-Dec ,7.6,7.6,9.9,32,2014,10,Q4
E09000025,NEWHAM,Jan-Mar ,8.9,8.9,10.7,31.6,2015,1,Q1
E09000025,NEWHAM,Apr-Jun ,8.3,8.3,10.3,31.2,2015,4,Q2
E09000025,NEWHAM,Jul-Sep ,8.2,8.2,9.2,31,2015,7,Q3
E09000025,NEWHAM,Oct-Dec ,7.2,7.1,8.3,30.4,2015,10,Q4
E09000025,NEWHAM,Jan-Mar ,5.9,5.8,7,30.8,2016,1,Q1
E09000025,NEWHAM,Apr-Jun ,5.9,5.9,7.4,33.6,2016,4,Q2
E09000025,NEWHAM,Jul-Sep ,5.9,5.8,6.8,36.5,2016,7,Q3
E09000025,NEWHAM,Oct-Dec ,7.2,7.1,8.1,35.7,2016,10,Q4
E09000025,NEWHAM,Jan-Mar ,6.3,6.2,7.3,34.9,2017,1,Q1
E09000025,NEWHAM,Apr-Jun ,5.9,5.8,6.6,34,2017,4,Q2
E09000025,NEWHAM,Jul-Sep ,5.7,5.5,6.5,31.9,2017,7,Q3
E09000025,NEWHAM,Oct-Dec ,4.7,4.7,5.3,30.4,2017,10,Q4
E09000025,NEWHAM,Jan-Mar ,5.6,5.5,6.4,31.3,2018,1,Q1
E09000025,NEWHAM,Apr-Jun ,5.1,5,7,30.8,2018,4,Q2
E09000025,NEWHAM,Jul-Sep ,5.4,5.3,7.3,28.6,2018,7,Q3
E09000025,NEWHAM,Oct-Dec ,5.9,5.8,7.7,32.7,2018,10,Q4
E09000025,NEWHAM,Jan-Mar ,4.9,4.9,6.3,30.5,2019,1,Q1
E09000025,NEWHAM,Apr-Jun ,5.6,5.5,6.4,29.4,2019,4,Q2
E09000025,NEWHAM,Jul-Sep ,6.2,6.1,7.9,29.3,2019,7,Q3
E09000025,NEWHAM,Oct-Dec ,5.1,5,6.8,26.2,2019,10,Q4
E09000025,NEWHAM,Jan-Mar ,7.2,6.9,9.4,23.5,2020,1,Q1
E09000025,NEWHAM,Apr-Jun ,5.9,6,7.1,22,2020,4,Q2
E09000025,NEWHAM,Jul-Sep ,3.8,4.1,4.5,30.4,2020,7,Q3
E09000025,NEWHAM,Oct-Dec ,4.7,4.9,6.2,32.5,2020,10,Q4
E09000025,NEWHAM,Jan-Mar ,4.1,4.3,5.2,29.8,2021,1,Q1
E09000025,NEWHAM,Apr-Jun ,4.1,4,5.2,29.5,2021,4,Q2
E09000025,NEWHAM,Jul-Sep ,5.5,5.4,5.8,22.9,2021,7,Q3
E09000025,NEWHAM,Oct-Dec ,5.4,5.3,4.7,22.7,2021,10,Q4
E09000026,REDBRIDGE,Jan-Mar ,8.2,8.1,10.7,31.1,2012,1,Q1
E09000026,REDBRIDGE,Apr-Jun ,8.8,8.6,11.7,29,2012,4,Q2
E09000026,REDBRIDGE,Jul-Sep ,7.8,7.7,9.2,27.9,2012,7,Q3
E09000026,REDBRIDGE,Oct-Dec ,9.6,9.5,12.1,27.9,2012,10,Q4
E09000026,REDBRIDGE,Jan-Mar ,10.7,10.6,14.6,27.4,2013,1,Q1
E09000026,REDBRIDGE,Apr-Jun ,9.6,9.4,11.8,28.5,2013,4,Q2
E09000026,REDBRIDGE,Jul-Sep ,9.3,9.2,11.7,28,2013,7,Q3
E09000026,REDBRIDGE,Oct-Dec ,7.7,7.5,8.6,28.7,2013,10,Q4
E09000026,REDBRIDGE,Jan-Mar ,6.8,6.7,6.3,29.1,2014,1,Q1
E09000026,REDBRIDGE,Apr-Jun ,7.9,7.9,9.5,28.7,2014,4,Q2
E09000026,REDBRIDGE,Jul-Sep ,8.6,8.5,10.1,30.5,2014,7,Q3
E09000026,REDBRIDGE,Oct-Dec ,8,7.9,10.1,29.6,2014,10,Q4
E09000026,REDBRIDGE,Jan-Mar ,8,7.7,11,29.4,2015,1,Q1
E09000026,REDBRIDGE,Apr-Jun ,6.9,6.6,9.1,29.9,2015,4,Q2
E09000026,REDBRIDGE,Jul-Sep ,7,6.7,9.8,26.6,2015,7,Q3
E09000026,REDBRIDGE,Oct-Dec ,7.2,6.9,10.2,26.9,2015,10,Q4
E09000026,REDBRIDGE,Jan-Mar ,6.1,5.9,8.5,26.6,2016,1,Q1
E09000026,REDBRIDGE,Apr-Jun ,6,5.8,7.6,27,2016,4,Q2
E09000026,REDBRIDGE,Jul-Sep ,5.9,5.7,8.9,28.3,2016,7,Q3
E09000026,REDBRIDGE,Oct-Dec ,6.2,6,8.4,28.4,2016,10,Q4
E09000026,REDBRIDGE,Jan-Mar ,7.1,6.9,9.8,27.2,2017,1,Q1
E09000026,REDBRIDGE,Apr-Jun ,6.3,6.1,9.5,29.5,2017,4,Q2
E09000026,REDBRIDGE,Jul-Sep ,5.8,5.6,8.4,31.6,2017,7,Q3
E09000026,REDBRIDGE,Oct-Dec ,5.7,5.6,8.5,32.5,2017,10,Q4
E09000026,REDBRIDGE,Jan-Mar ,5.3,5.2,7.3,34.3,2018,1,Q1
E09000026,REDBRIDGE,Apr-Jun ,6.3,6.2,7.6,32.7,2018,4,Q2
E09000026,REDBRIDGE,Jul-Sep ,5.6,5.4,6.3,31,2018,7,Q3
E09000026,REDBRIDGE,Oct-Dec ,4.7,4.5,4.7,32.1,2018,10,Q4
E09000026,REDBRIDGE,Jan-Mar ,4,3.8,3,31.2,2019,1,Q1
E09000026,REDBRIDGE,Apr-Jun ,3,2.9,2.9,30.1,2019,4,Q2
E09000026,REDBRIDGE,Jul-Sep ,2.9,2.8,1.9,28.4,2019,7,Q3
E09000026,REDBRIDGE,Oct-Dec ,1.8,1.9,7.7,27.9,2019,10,Q4
E09000026,REDBRIDGE,Jan-Mar ,1.9,2,2.5,26.4,2020,1,Q1
E09000026,REDBRIDGE,Apr-Jun ,4,4.4,4,25.7,2020,4,Q2
E09000026,REDBRIDGE,Jul-Sep ,4.9,5.2,5.7,26.6,2020,7,Q3
E09000026,REDBRIDGE,Oct-Dec ,8.6,8.8,9.4,25.1,2020,10,Q4
E09000026,REDBRIDGE,Jan-Mar ,8.2,8.4,9.3,29,2021,1,Q1
E09000026,REDBRIDGE,Apr-Jun ,8.5,8.4,8.7,27.1,2021,4,Q2
E09000026,REDBRIDGE,Jul-Sep ,6.2,6.2,6,32.2,2021,7,Q3
E09000026,REDBRIDGE,Oct-Dec ,6.4,6.2,7.6,28.3,2021,10,Q4
E09000027,RICHMOND UPON THAMES,Jan-Mar ,5.2,4.9,10.4,22.3,2012,1,Q1
E09000027,RICHMOND UPON THAMES,Apr-Jun ,3.8,3.6,6.8,25.2,2012,4,Q2
E09000027,RICHMOND UPON THAMES,Jul-Sep ,4.8,4.5,10.2,23.8,2012,7,Q3
E09000027,RICHMOND UPON THAMES,Oct-Dec ,3.4,3.3,11.1,23.3,2012,10,Q4
E09000027,RICHMOND UPON THAMES,Jan-Mar ,3.9,3.7,9.7,25.6,2013,1,Q1
E09000027,RICHMOND UPON THAMES,Apr-Jun ,4.7,4.5,9.9,20.7,2013,4,Q2
E09000027,RICHMOND UPON THAMES,Jul-Sep ,4.1,3.9,5.6,24.7,2013,7,Q3
E09000027,RICHMOND UPON THAMES,Oct-Dec ,4.9,4.7,4.8,27.4,2013,10,Q4
E09000027,RICHMOND UPON THAMES,Jan-Mar ,5.1,4.9,6.9,23.5,2014,1,Q1
E09000027,RICHMOND UPON THAMES,Apr-Jun ,4.4,4.3,4.9,26.3,2014,4,Q2
E09000027,RICHMOND UPON THAMES,Jul-Sep ,4.7,4.6,5.1,25.5,2014,7,Q3
E09000027,RICHMOND UPON THAMES,Oct-Dec ,4.2,4.1,11,23.3,2014,10,Q4
E09000027,RICHMOND UPON THAMES,Jan-Mar ,3.9,3.7,10.8,21.5,2015,1,Q1
E09000027,RICHMOND UPON THAMES,Apr-Jun ,4.4,4.3,11.6,22.4,2015,4,Q2
E09000027,RICHMOND UPON THAMES,Jul-Sep ,5.5,5.2,8.2,19.7,2015,7,Q3
E09000027,RICHMOND UPON THAMES,Oct-Dec ,5.3,5,9,18.2,2015,10,Q4
E09000027,RICHMOND UPON THAMES,Jan-Mar ,5.6,5.3,12.4,16.4,2016,1,Q1
E09000027,RICHMOND UPON THAMES,Apr-Jun ,5.8,5.5,11.4,22.9,2016,4,Q2
E09000027,RICHMOND UPON THAMES,Jul-Sep ,3.9,3.7,6.8,30.1,2016,7,Q3
E09000027,RICHMOND UPON THAMES,Oct-Dec ,3.7,3.5,7.8,34.6,2016,10,Q4
E09000027,RICHMOND UPON THAMES,Jan-Mar ,3.6,3.4,9.4,36.1,2017,1,Q1
E09000027,RICHMOND UPON THAMES,Apr-Jun ,2.6,2.4,10.4,32,2017,4,Q2
E09000027,RICHMOND UPON THAMES,Jul-Sep ,3.5,3.3,6.9,30.3,2017,7,Q3
E09000027,RICHMOND UPON THAMES,Oct-Dec ,2.7,2.5,11.5,29.1,2017,10,Q4
E09000027,RICHMOND UPON THAMES,Jan-Mar ,3.5,3.3,10.8,22.7,2018,1,Q1
E09000027,RICHMOND UPON THAMES,Apr-Jun ,3.7,3.5,10.1,24.9,2018,4,Q2
E09000027,RICHMOND UPON THAMES,Jul-Sep ,3.3,3,8.1,23.4,2018,7,Q3
E09000027,RICHMOND UPON THAMES,Oct-Dec ,2.8,2.6,7,22.3,2018,10,Q4
E09000027,RICHMOND UPON THAMES,Jan-Mar ,1.1,1,8.6,25.4,2019,1,Q1
E09000027,RICHMOND UPON THAMES,Apr-Jun ,2.2,2.1,7.3,21.1,2019,4,Q2
E09000027,RICHMOND UPON THAMES,Jul-Sep ,1.5,1.4,6.2,26.2,2019,7,Q3
E09000027,RICHMOND UPON THAMES,Oct-Dec ,1.6,1.5,5.6,29.6,2019,10,Q4
E09000027,RICHMOND UPON THAMES,Jan-Mar ,2.1,2,5.7,29.5,2020,1,Q1
E09000027,RICHMOND UPON THAMES,Apr-Jun ,3.3,3.1,8.1,28.4,2020,4,Q2
E09000027,RICHMOND UPON THAMES,Jul-Sep ,4.9,4.7,8.8,29.8,2020,7,Q3
E09000027,RICHMOND UPON THAMES,Oct-Dec ,5,4.7,8.6,25.8,2020,10,Q4
E09000027,RICHMOND UPON THAMES,Jan-Mar ,5.9,5.5,11.2,24.2,2021,1,Q1
E09000027,RICHMOND UPON THAMES,Apr-Jun ,4.2,4,6.7,26.7,2021,4,Q2
E09000027,RICHMOND UPON THAMES,Jul-Sep ,4.5,4.3,6,23.4,2021,7,Q3
E09000027,RICHMOND UPON THAMES,Oct-Dec ,5.1,4.8,9.4,21.6,2021,10,Q4
E09000028,SOUTHWARK,Jan-Mar ,9.9,9.8,14.9,30.1,2012,1,Q1
E09000028,SOUTHWARK,Apr-Jun ,9.3,9.2,15.1,31.9,2012,4,Q2
E09000028,SOUTHWARK,Jul-Sep ,9.5,9.4,15.3,30.9,2012,7,Q3
E09000028,SOUTHWARK,Oct-Dec ,10.9,10.8,17.1,28.7,2012,10,Q4
E09000028,SOUTHWARK,Jan-Mar ,11.2,11.1,18.4,34.4,2013,1,Q1
E09000028,SOUTHWARK,Apr-Jun ,11.4,11.2,20.7,32.6,2013,4,Q2
E09000028,SOUTHWARK,Jul-Sep ,11,10.8,21.4,33.8,2013,7,Q3
E09000028,SOUTHWARK,Oct-Dec ,9.6,9.5,18.7,31.6,2013,10,Q4
E09000028,SOUTHWARK,Jan-Mar ,9.1,9,17.9,28.6,2014,1,Q1
E09000028,SOUTHWARK,Apr-Jun ,9.3,9.2,16.2,26.3,2014,4,Q2
E09000028,SOUTHWARK,Jul-Sep ,9.2,9,16.8,26,2014,7,Q3
E09000028,SOUTHWARK,Oct-Dec ,9,8.8,15,26.6,2014,10,Q4
E09000028,SOUTHWARK,Jan-Mar ,7.8,7.6,12.7,23.7,2015,1,Q1
E09000028,SOUTHWARK,Apr-Jun ,7.8,7.8,11.9,23,2015,4,Q2
E09000028,SOUTHWARK,Jul-Sep ,7.6,7.6,10.2,19.4,2015,7,Q3
E09000028,SOUTHWARK,Oct-Dec ,7.3,7.3,9.6,23.2,2015,10,Q4
E09000028,SOUTHWARK,Jan-Mar ,7.5,7.5,8.9,25,2016,1,Q1
E09000028,SOUTHWARK,Apr-Jun ,7,6.9,8.5,26.1,2016,4,Q2
E09000028,SOUTHWARK,Jul-Sep ,6.8,6.7,7.8,28.9,2016,7,Q3
E09000028,SOUTHWARK,Oct-Dec ,6.4,6.3,8.1,25.5,2016,10,Q4
E09000028,SOUTHWARK,Jan-Mar ,6.7,6.5,9.3,22.1,2017,1,Q1
E09000028,SOUTHWARK,Apr-Jun ,6.3,6.2,9.9,20.8,2017,4,Q2
E09000028,SOUTHWARK,Jul-Sep ,6.7,6.6,11.2,22.6,2017,7,Q3
E09000028,SOUTHWARK,Oct-Dec ,7.3,7.1,13.8,24.8,2017,10,Q4
E09000028,SOUTHWARK,Jan-Mar ,6.4,6.2,11.5,25.3,2018,1,Q1
E09000028,SOUTHWARK,Apr-Jun ,5.5,5.4,10,29.7,2018,4,Q2
E09000028,SOUTHWARK,Jul-Sep ,4.8,4.7,8.2,25.9,2018,7,Q3
E09000028,SOUTHWARK,Oct-Dec ,4.4,4.3,6.8,26.6,2018,10,Q4
E09000028,SOUTHWARK,Jan-Mar ,4.1,4.1,7.3,26.8,2019,1,Q1
E09000028,SOUTHWARK,Apr-Jun ,5,4.9,9.1,20.8,2019,4,Q2
E09000028,SOUTHWARK,Jul-Sep ,6.2,6.1,11.1,22.2,2019,7,Q3
E09000028,SOUTHWARK,Oct-Dec ,6.4,6.2,10.9,18.9,2019,10,Q4
E09000028,SOUTHWARK,Jan-Mar ,7.6,7.5,11.8,16.7,2020,1,Q1
E09000028,SOUTHWARK,Apr-Jun ,8.9,8.8,13.5,22,2020,4,Q2
E09000028,SOUTHWARK,Jul-Sep ,7.8,7.7,12.4,26.6,2020,7,Q3
E09000028,SOUTHWARK,Oct-Dec ,7.7,7.5,11.6,27.7,2020,10,Q4
E09000028,SOUTHWARK,Jan-Mar ,6,5.9,9.8,26.4,2021,1,Q1
E09000028,SOUTHWARK,Apr-Jun ,4.8,4.6,8,27.1,2021,4,Q2
E09000028,SOUTHWARK,Jul-Sep ,3.6,3.5,6.2,24.4,2021,7,Q3
E09000028,SOUTHWARK,Oct-Dec ,4.1,4,8,29.1,2021,10,Q4
E09000029,SUTTON,Jan-Mar ,6.9,6.7,4.9,19.9,2012,1,Q1
E09000029,SUTTON,Apr-Jun ,6.1,5.9,3.6,14.6,2012,4,Q2
E09000029,SUTTON,Jul-Sep ,6.4,6.1,7.5,17.5,2012,7,Q3
E09000029,SUTTON,Oct-Dec ,7.1,6.9,3.6,22.1,2012,10,Q4
E09000029,SUTTON,Jan-Mar ,6.4,6.3,7.6,25.7,2013,1,Q1
E09000029,SUTTON,Apr-Jun ,6.1,6.2,11.2,24.4,2013,4,Q2
E09000029,SUTTON,Jul-Sep ,3.9,4,9.9,28,2013,7,Q3
E09000029,SUTTON,Oct-Dec ,4.1,4.2,9.7,31,2013,10,Q4
E09000029,SUTTON,Jan-Mar ,4.7,4.8,6.6,25.2,2014,1,Q1
E09000029,SUTTON,Apr-Jun ,4.4,4.3,6.8,25.3,2014,4,Q2
E09000029,SUTTON,Jul-Sep ,5.2,5.3,3.8,18.6,2014,7,Q3
E09000029,SUTTON,Oct-Dec ,4.9,4.9,3.7,16.4,2014,10,Q4
E09000029,SUTTON,Jan-Mar ,5.5,5.5,4.1,18.1,2015,1,Q1
E09000029,SUTTON,Apr-Jun ,5.7,5.7,6.4,22.9,2015,4,Q2
E09000029,SUTTON,Jul-Sep ,6.1,6,6,23.4,2015,7,Q3
E09000029,SUTTON,Oct-Dec ,5.1,4.9,4.3,20.6,2015,10,Q4
E09000029,SUTTON,Jan-Mar ,4.1,4,4,18.6,2016,1,Q1
E09000029,SUTTON,Apr-Jun ,4.4,4.3,5.4,15.4,2016,4,Q2
E09000029,SUTTON,Jul-Sep ,4.1,4,3.6,16.4,2016,7,Q3
E09000029,SUTTON,Oct-Dec ,5.6,5.4,6.9,17.2,2016,10,Q4
E09000029,SUTTON,Jan-Mar ,5.7,5.5,7,23.2,2017,1,Q1
E09000029,SUTTON,Apr-Jun ,5.7,5.5,7.5,23.4,2017,4,Q2
E09000029,SUTTON,Jul-Sep ,6.3,6,8.2,23.3,2017,7,Q3
E09000029,SUTTON,Oct-Dec ,4.2,4.1,6.3,20.7,2017,10,Q4
E09000029,SUTTON,Jan-Mar ,4.5,4.3,5.7,19.1,2018,1,Q1
E09000029,SUTTON,Apr-Jun ,4.6,4.4,6,22,2018,4,Q2
E09000029,SUTTON,Jul-Sep ,4.5,4.3,4.9,19.7,2018,7,Q3
E09000029,SUTTON,Oct-Dec ,6,5.9,4.3,20.3,2018,10,Q4
E09000029,SUTTON,Jan-Mar ,6,5.8,7.1,17,2019,1,Q1
E09000029,SUTTON,Apr-Jun ,5.3,5.1,6.8,17.7,2019,4,Q2
E09000029,SUTTON,Jul-Sep ,5,4.8,6.4,20.7,2019,7,Q3
E09000029,SUTTON,Oct-Dec ,5.4,5.3,6.4,23.5,2019,10,Q4
E09000029,SUTTON,Jan-Mar ,5.9,5.8,6.6,24.5,2020,1,Q1
E09000029,SUTTON,Apr-Jun ,6.3,6.2,7.2,23.7,2020,4,Q2
E09000029,SUTTON,Jul-Sep ,6.4,6.2,7.6,22,2020,7,Q3
E09000029,SUTTON,Oct-Dec ,5.6,5.5,7.4,20.2,2020,10,Q4
E09000029,SUTTON,Jan-Mar ,5.3,5.2,5.7,20.6,2021,1,Q1
E09000029,SUTTON,Apr-Jun ,5.2,5.1,4.7,21.7,2021,4,Q2
E09000029,SUTTON,Jul-Sep ,4.8,4.7,3.9,23.7,2021,7,Q3
E09000029,SUTTON,Oct-Dec ,5.1,5,5.2,18.3,2021,10,Q4
E09000030,TOWER HAMLETS,Jan-Mar ,12,11.9,19.2,40.8,2012,1,Q1
E09000030,TOWER HAMLETS,Apr-Jun ,12.6,12.5,21,39.6,2012,4,Q2
E09000030,TOWER HAMLETS,Jul-Sep ,13.2,13.1,23,38.4,2012,7,Q3
E09000030,TOWER HAMLETS,Oct-Dec ,12.6,12.5,21.7,38.7,2012,10,Q4
E09000030,TOWER HAMLETS,Jan-Mar ,13.7,13.6,20.7,36.1,2013,1,Q1
E09000030,TOWER HAMLETS,Apr-Jun ,13,12.9,18.3,35.1,2013,4,Q2
E09000030,TOWER HAMLETS,Jul-Sep ,10.9,10.9,15.7,33.5,2013,7,Q3
E09000030,TOWER HAMLETS,Oct-Dec ,9.9,9.9,13.8,32,2013,10,Q4
E09000030,TOWER HAMLETS,Jan-Mar ,10.3,10.3,15,31.1,2014,1,Q1
E09000030,TOWER HAMLETS,Apr-Jun ,10.3,10.2,14.6,29,2014,4,Q2
E09000030,TOWER HAMLETS,Jul-Sep ,10.4,10.3,14.9,30,2014,7,Q3
E09000030,TOWER HAMLETS,Oct-Dec ,10.9,10.8,15.1,30.1,2014,10,Q4
E09000030,TOWER HAMLETS,Jan-Mar ,8.9,8.9,12,29.4,2015,1,Q1
E09000030,TOWER HAMLETS,Apr-Jun ,7.2,7.1,10.5,30.1,2015,4,Q2
E09000030,TOWER HAMLETS,Jul-Sep ,8.2,8.2,12,30.3,2015,7,Q3
E09000030,TOWER HAMLETS,Oct-Dec ,8.2,8.1,12.9,30.4,2015,10,Q4
E09000030,TOWER HAMLETS,Jan-Mar ,10.8,10.8,17.1,32.4,2016,1,Q1
E09000030,TOWER HAMLETS,Apr-Jun ,12.1,12.1,18.9,35,2016,4,Q2
E09000030,TOWER HAMLETS,Jul-Sep ,10.9,10.8,17.4,37.3,2016,7,Q3
E09000030,TOWER HAMLETS,Oct-Dec ,12,12,19.9,37.1,2016,10,Q4
E09000030,TOWER HAMLETS,Jan-Mar ,9.6,9.7,16.9,37.7,2017,1,Q1
E09000030,TOWER HAMLETS,Apr-Jun ,8.6,8.7,15.3,37.7,2017,4,Q2
E09000030,TOWER HAMLETS,Jul-Sep ,8.9,9,15.3,34.6,2017,7,Q3
E09000030,TOWER HAMLETS,Oct-Dec ,7.2,7.3,11.3,37.7,2017,10,Q4
E09000030,TOWER HAMLETS,Jan-Mar ,5.7,5.6,7.5,36.7,2018,1,Q1
E09000030,TOWER HAMLETS,Apr-Jun ,5.8,5.8,7.3,35.8,2018,4,Q2
E09000030,TOWER HAMLETS,Jul-Sep ,5.9,5.8,7.6,41.1,2018,7,Q3
E09000030,TOWER HAMLETS,Oct-Dec ,4.2,4.2,5.9,38.5,2018,10,Q4
E09000030,TOWER HAMLETS,Jan-Mar ,3.8,4,5.6,40.7,2019,1,Q1
E09000030,TOWER HAMLETS,Apr-Jun ,3.5,3.7,4.3,41.5,2019,4,Q2
E09000030,TOWER HAMLETS,Jul-Sep ,2.9,3.1,4.2,37.9,2019,7,Q3
E09000030,TOWER HAMLETS,Oct-Dec ,3.5,3.6,5.1,40.2,2019,10,Q4
E09000030,TOWER HAMLETS,Jan-Mar ,6.1,6,9.7,36.2,2020,1,Q1
E09000030,TOWER HAMLETS,Apr-Jun ,5.5,5.5,9.2,33.5,2020,4,Q2
E09000030,TOWER HAMLETS,Jul-Sep ,7.3,7.2,9,32.8,2020,7,Q3
E09000030,TOWER HAMLETS,Oct-Dec ,7.9,7.7,9.6,31.3,2020,10,Q4
E09000030,TOWER HAMLETS,Jan-Mar ,5.4,5.3,7.1,33.3,2021,1,Q1
E09000030,TOWER HAMLETS,Apr-Jun ,5.3,5.2,7.3,32.5,2021,4,Q2
E09000030,TOWER HAMLETS,Jul-Sep ,3.9,3.8,6.3,33.2,2021,7,Q3
E09000030,TOWER HAMLETS,Oct-Dec ,3.7,3.7,5.6,31.7,2021,10,Q4
E09000031,WALTHAM FOREST,Jan-Mar ,9.4,9.2,13.3,31.5,2012,1,Q1
E09000031,WALTHAM FOREST,Apr-Jun ,10.2,10,12.2,32.5,2012,4,Q2
E09000031,WALTHAM FOREST,Jul-Sep ,8.7,8.6,10,32.8,2012,7,Q3
E09000031,WALTHAM FOREST,Oct-Dec ,9,8.8,11.1,31.8,2012,10,Q4
E09000031,WALTHAM FOREST,Jan-Mar ,7.7,7.5,8.3,30.5,2013,1,Q1
E09000031,WALTHAM FOREST,Apr-Jun ,7.7,7.6,10.1,31.3,2013,4,Q2
E09000031,WALTHAM FOREST,Jul-Sep ,9.1,8.9,12.1,31.3,2013,7,Q3
E09000031,WALTHAM FOREST,Oct-Dec ,8.4,8.3,10.2,32.5,2013,10,Q4
E09000031,WALTHAM FOREST,Jan-Mar ,9.1,8.9,11.6,34.2,2014,1,Q1
E09000031,WALTHAM FOREST,Apr-Jun ,7.9,7.7,9.5,33.1,2014,4,Q2
E09000031,WALTHAM FOREST,Jul-Sep ,5.8,5.7,8.4,34.1,2014,7,Q3
E09000031,WALTHAM FOREST,Oct-Dec ,7,6.9,10.9,34.6,2014,10,Q4
E09000031,WALTHAM FOREST,Jan-Mar ,5.3,5.3,8.2,32.6,2015,1,Q1
E09000031,WALTHAM FOREST,Apr-Jun ,5.7,5.7,8.4,33.7,2015,4,Q2
E09000031,WALTHAM FOREST,Jul-Sep ,6.2,6.1,8.2,31,2015,7,Q3
E09000031,WALTHAM FOREST,Oct-Dec ,6.1,6.1,5.6,26.4,2015,10,Q4
E09000031,WALTHAM FOREST,Jan-Mar ,5.5,5.4,5.2,27.9,2016,1,Q1
E09000031,WALTHAM FOREST,Apr-Jun ,4.7,4.7,5.5,29.4,2016,4,Q2
E09000031,WALTHAM FOREST,Jul-Sep ,4.9,4.9,6.2,28.7,2016,7,Q3
E09000031,WALTHAM FOREST,Oct-Dec ,3.3,3.2,6.5,30.9,2016,10,Q4
E09000031,WALTHAM FOREST,Jan-Mar ,4,3.9,9.1,29.6,2017,1,Q1
E09000031,WALTHAM FOREST,Apr-Jun ,4.4,4.3,10.2,28.3,2017,4,Q2
E09000031,WALTHAM FOREST,Jul-Sep ,3.6,3.5,9.2,29.5,2017,7,Q3
E09000031,WALTHAM FOREST,Oct-Dec ,3.4,3.3,7.8,26.6,2017,10,Q4
E09000031,WALTHAM FOREST,Jan-Mar ,2.9,2.8,5.6,28.5,2018,1,Q1
E09000031,WALTHAM FOREST,Apr-Jun ,2.2,2.1,3.7,27.6,2018,4,Q2
E09000031,WALTHAM FOREST,Jul-Sep ,3.6,3.5,4.9,26.7,2018,7,Q3
E09000031,WALTHAM FOREST,Oct-Dec ,4.8,4.7,8.7,30.4,2018,10,Q4
E09000031,WALTHAM FOREST,Jan-Mar ,6.7,6.5,12.6,26.8,2019,1,Q1
E09000031,WALTHAM FOREST,Apr-Jun ,8.5,8.3,16.7,22.8,2019,4,Q2
E09000031,WALTHAM FOREST,Jul-Sep ,6.9,6.7,13.6,23.4,2019,7,Q3
E09000031,WALTHAM FOREST,Oct-Dec ,9.1,9,15.1,21.9,2019,10,Q4
E09000031,WALTHAM FOREST,Jan-Mar ,11.6,11.3,24.2,19.6,2020,1,Q1
E09000031,WALTHAM FOREST,Apr-Jun ,11.2,11,24.5,21.6,2020,4,Q2
E09000031,WALTHAM FOREST,Jul-Sep ,11.3,11.2,22.3,23.9,2020,7,Q3
E09000031,WALTHAM FOREST,Oct-Dec ,8.5,8.4,16.8,23.5,2020,10,Q4
E09000031,WALTHAM FOREST,Jan-Mar ,6.2,6.1,8.8,25.2,2021,1,Q1
E09000031,WALTHAM FOREST,Apr-Jun ,6.3,6.1,7.3,23.4,2021,4,Q2
E09000031,WALTHAM FOREST,Jul-Sep ,6.6,6.4,9.4,19.7,2021,7,Q3
E09000031,WALTHAM FOREST,Oct-Dec ,8.5,8.3,14.8,26,2021,10,Q4
E09000032,WANDSWORTH,Jan-Mar ,6.7,6.9,20.1,32.9,2012,1,Q1
E09000032,WANDSWORTH,Apr-Jun ,8.1,8.2,25.4,29.5,2012,4,Q2
E09000032,WANDSWORTH,Jul-Sep ,8.4,8.5,22.4,28,2012,7,Q3
E09000032,WANDSWORTH,Oct-Dec ,9.3,9.1,21.9,26.3,2012,10,Q4
E09000032,WANDSWORTH,Jan-Mar ,9.5,9.3,21.2,23.4,2013,1,Q1
E09000032,WANDSWORTH,Apr-Jun ,7.3,7.2,17.5,28,2013,4,Q2
E09000032,WANDSWORTH,Jul-Sep ,5.2,5.1,12.3,23,2013,7,Q3
E09000032,WANDSWORTH,Oct-Dec ,4.2,4.3,12.3,24.5,2013,10,Q4
E09000032,WANDSWORTH,Jan-Mar ,4,4.1,7.4,24.8,2014,1,Q1
E09000032,WANDSWORTH,Apr-Jun ,5.1,5.1,7.9,23.9,2014,4,Q2
E09000032,WANDSWORTH,Jul-Sep ,5.3,5.4,8.4,26.2,2014,7,Q3
E09000032,WANDSWORTH,Oct-Dec ,6.3,6.4,10.3,27.1,2014,10,Q4
E09000032,WANDSWORTH,Jan-Mar ,5.6,5.8,13.2,26.4,2015,1,Q1
E09000032,WANDSWORTH,Apr-Jun ,4.7,5,12.2,23.1,2015,4,Q2
E09000032,WANDSWORTH,Jul-Sep ,4.4,4.8,11.6,19.4,2015,7,Q3
E09000032,WANDSWORTH,Oct-Dec ,3.1,3,6.9,17.5,2015,10,Q4
E09000032,WANDSWORTH,Jan-Mar ,3.3,3.3,6.5,20.5,2016,1,Q1
E09000032,WANDSWORTH,Apr-Jun ,3,3,4.8,25.4,2016,4,Q2
E09000032,WANDSWORTH,Jul-Sep ,3.1,3,4.2,27,2016,7,Q3
E09000032,WANDSWORTH,Oct-Dec ,2.7,2.8,2.8,26.2,2016,10,Q4
E09000032,WANDSWORTH,Jan-Mar ,2.1,2.2,3.3,28.9,2017,1,Q1
E09000032,WANDSWORTH,Apr-Jun ,1.7,1.9,3.3,27.3,2017,4,Q2
E09000032,WANDSWORTH,Jul-Sep ,2.2,2.4,10.5,27.3,2017,7,Q3
E09000032,WANDSWORTH,Oct-Dec ,4.2,4.3,7.4,25.9,2017,10,Q4
E09000032,WANDSWORTH,Jan-Mar ,3.8,3.8,5.1,24.2,2018,1,Q1
E09000032,WANDSWORTH,Apr-Jun ,5.1,5.4,8.4,19.7,2018,4,Q2
E09000032,WANDSWORTH,Jul-Sep ,4.7,5.2,8.9,23.2,2018,7,Q3
E09000032,WANDSWORTH,Oct-Dec ,3.6,4,7.2,24.1,2018,10,Q4
E09000032,WANDSWORTH,Jan-Mar ,4,4.4,7.2,24.7,2019,1,Q1
E09000032,WANDSWORTH,Apr-Jun ,2.8,2.9,11.3,25,2019,4,Q2
E09000032,WANDSWORTH,Jul-Sep ,2.3,2.5,10,20.4,2019,7,Q3
E09000032,WANDSWORTH,Oct-Dec ,1.8,2,12.1,20.5,2019,10,Q4
E09000032,WANDSWORTH,Jan-Mar ,3.2,3.4,8.3,16.3,2020,1,Q1
E09000032,WANDSWORTH,Apr-Jun ,4.3,4.4,10.1,23.4,2020,4,Q2
E09000032,WANDSWORTH,Jul-Sep ,5,4.9,14.7,25.3,2020,7,Q3
E09000032,WANDSWORTH,Oct-Dec ,5.2,5.1,13.7,20.4,2020,10,Q4
E09000032,WANDSWORTH,Jan-Mar ,5.9,5.8,10.1,21.7,2021,1,Q1
E09000032,WANDSWORTH,Apr-Jun ,3.7,3.6,7.3,15.5,2021,4,Q2
E09000032,WANDSWORTH,Jul-Sep ,3.8,3.8,6.2,13.7,2021,7,Q3
E09000032,WANDSWORTH,Oct-Dec ,3.7,3.7,6,14.4,2021,10,Q4
E09000033,WESTMINSTER,Jan-Mar ,8.5,8.4,12.6,43.5,2012,1,Q1
E09000033,WESTMINSTER,Apr-Jun ,9.3,9.2,12.7,40.3,2012,4,Q2
E09000033,WESTMINSTER,Jul-Sep ,8.9,8.6,12,42.9,2012,7,Q3
E09000033,WESTMINSTER,Oct-Dec ,6.9,6.8,10.7,42.2,2012,10,Q4
E09000033,WESTMINSTER,Jan-Mar ,6.1,6,8.6,42.3,2013,1,Q1
E09000033,WESTMINSTER,Apr-Jun ,4,3.8,7.2,42.8,2013,4,Q2
E09000033,WESTMINSTER,Jul-Sep ,4.2,4,7.6,38.1,2013,7,Q3
E09000033,WESTMINSTER,Oct-Dec ,5.1,4.8,8.4,40.2,2013,10,Q4
E09000033,WESTMINSTER,Jan-Mar ,6,5.8,8.7,41.4,2014,1,Q1
E09000033,WESTMINSTER,Apr-Jun ,7.8,7.5,11.1,42.3,2014,4,Q2
E09000033,WESTMINSTER,Jul-Sep ,8.6,8.4,13.2,41.6,2014,7,Q3
E09000033,WESTMINSTER,Oct-Dec ,8.4,8.2,11.6,43.6,2014,10,Q4
E09000033,WESTMINSTER,Jan-Mar ,9.1,8.8,10.7,41,2015,1,Q1
E09000033,WESTMINSTER,Apr-Jun ,8,7.7,7.7,39.3,2015,4,Q2
E09000033,WESTMINSTER,Jul-Sep ,7.4,7.1,7.9,37.2,2015,7,Q3
E09000033,WESTMINSTER,Oct-Dec ,8.6,8.2,11.8,36.3,2015,10,Q4
E09000033,WESTMINSTER,Jan-Mar ,6.6,6.3,11.8,38.2,2016,1,Q1
E09000033,WESTMINSTER,Apr-Jun ,5.7,5.4,10.2,38.6,2016,4,Q2
E09000033,WESTMINSTER,Jul-Sep ,6.3,6,10.4,41.4,2016,7,Q3
E09000033,WESTMINSTER,Oct-Dec ,4.7,4.6,7.3,39.8,2016,10,Q4
E09000033,WESTMINSTER,Jan-Mar ,6.1,5.9,8.3,40.7,2017,1,Q1
E09000033,WESTMINSTER,Apr-Jun ,8.1,7.9,10.2,40.8,2017,4,Q2
E09000033,WESTMINSTER,Jul-Sep ,7.2,6.9,8.3,38.8,2017,7,Q3
E09000033,WESTMINSTER,Oct-Dec ,6.9,6.6,7.5,40.6,2017,10,Q4
E09000033,WESTMINSTER,Jan-Mar ,5.3,5.1,6.2,39.9,2018,1,Q1
E09000033,WESTMINSTER,Apr-Jun ,4,3.8,6.1,39.2,2018,4,Q2
E09000033,WESTMINSTER,Jul-Sep ,4.2,3.9,7.8,36.7,2018,7,Q3
E09000033,WESTMINSTER,Oct-Dec ,4.4,4.2,7.5,30.8,2018,10,Q4
E09000033,WESTMINSTER,Jan-Mar ,5,4.8,5.5,32.5,2019,1,Q1
E09000033,WESTMINSTER,Apr-Jun ,7.1,6.9,10.7,31.8,2019,4,Q2
E09000033,WESTMINSTER,Jul-Sep ,8.8,8.5,9,32,2019,7,Q3
E09000033,WESTMINSTER,Oct-Dec ,9.5,9.5,9,35.2,2019,10,Q4
E09000033,WESTMINSTER,Jan-Mar ,12.3,12.2,15.1,28.1,2020,1,Q1
E09000033,WESTMINSTER,Apr-Jun ,9.9,9.8,7.1,23.5,2020,4,Q2
E09000033,WESTMINSTER,Jul-Sep ,7.2,7.2,10.8,25.6,2020,7,Q3
E09000033,WESTMINSTER,Oct-Dec ,8.5,8.1,9.4,29.5,2020,10,Q4
E09000033,WESTMINSTER,Jan-Mar ,6.6,6.1,10.4,37,2021,1,Q1
E09000033,WESTMINSTER,Apr-Jun ,6.4,5.9,11.4,44.7,2021,4,Q2
E09000033,WESTMINSTER,Jul-Sep ,6,5.7,13.3,43,2021,7,Q3
E09000033,WESTMINSTER,Oct-Dec ,4.4,4.2,10.3,41.4,2021,2021,Q4
